timestep,temperature
1,-0.2
2,-0.1
3,0.1
4,-0.1
5,-0.1
6,-0.1
7,0.1
8,0.4
9,0.8
10,1.3
11,1.4
12,2
13,2.6
14,2.5
15,2.4
16,2.4
17,2.4
18,2.5
19,2.4
20,2.6
21,2.5
22,2.6
23,3.2
24,3.4
25,3.7
26,3.7
27,3.8
28,4
29,4.1
30,4.5
31,4.6
32,4.5
33,4.4
34,3.7
35,4.4
36,4.2
37,3.7
38,3.8
39,3.5
40,2.3
41,0.9
42,-0.2
43,-0.8
44,-1.2
45,-1.7
46,-2.2
47,-2.5
48,-2.8
49,-3.2
50,-3.4
51,-3.7
52,-4
53,-4.2
54,-4.2
55,-4.2
56,-4.2
57,-4.2
58,-3.7
59,-2.6
60,-1.6
61,-1.4
62,-1
63,-1
64,-1.3
65,-1.7
66,-2.1
67,-2.3
68,-3.1
69,-3.6
70,-4.1
71,-4.6
72,-5
73,-5.4
74,-5.8
75,-6.3
76,-6.6
77,-6.9
78,-7.1
79,-7.2
80,-7.5
81,-7.8
82,-7.2
83,-5.9
84,-4.1
85,-2.4
86,-1.1
87,-0.7
88,-1.1
89,-2.6
90,-3
91,-3.5
92,-4
93,-4.5
94,-4.9
95,-5.1
96,-5.5
97,-5.7
98,-5.8
99,-5.8
100,-5.9
101,-6
102,-6
103,-6
104,-6
105,-6.1
106,-5.3
107,-4.5
108,-2.8
109,-1.8
110,-0.6
111,-0.3
112,-0.5
113,-0.7
114,-0.5
115,-0.4
116,-0.3
117,0.2
118,0.4
119,0.5
120,0.7
121,1
122,1.2
123,1.3
124,1.5
125,1.5
126,1.4
127,1.5
128,1.7
129,1.9
130,1.7
131,1.8
132,2.1
133,2.3
134,2.7
135,3
136,3.5
137,3.4
138,3.4
139,2.8
140,3.2
141,2.8
142,3
143,3.4
144,2.8
145,3.6
146,3.5
147,3.2
148,2.9
149,2.6
150,2.2
151,3
152,2.7
153,2.8
154,2.5
155,2.5
156,3.2
157,4.6
158,4.5
159,5
160,4.6
161,4.2
162,4.1
163,3.7
164,3
165,3.5
166,3.5
167,2.9
168,2.8
169,2.6
170,2.7
171,2.8
172,2.6
173,2.3
174,2.2
175,2.7
176,2.3
177,2.1
178,2.3
179,2.7
180,2.8
181,2.9
182,2.9
183,2.8
184,2.7
185,2.6
186,2.6
187,2.6
188,2.1
189,1.9
190,1.4
191,1.2
192,0.8
193,0.5
194,0
195,-0.3
196,-0.3
197,-0.2
198,-0.1
199,-0.1
200,0.1
201,0.2
202,0.4
203,0.5
204,0.7
205,1.2
206,1.6
207,1.6
208,1.5
209,1.4
210,1.3
211,1.2
212,1.2
213,1.3
214,0.9
215,0.5
216,0.2
217,0.1
218,0.1
219,0.1
220,-0.1
221,-0.7
222,-1.4
223,-1.7
224,-1.9
225,-2
226,-0.9
227,0.2
228,0.3
229,0.5
230,0.3
231,0.2
232,0.3
233,-0.1
234,-0.4
235,-0.8
236,-1.2
237,-1.5
238,-1.7
239,-1.8
240,-2
241,-1.9
242,-2
243,-2.1
244,-2.3
245,-2.5
246,-2.8
247,-3
248,-3
249,-2.7
250,-2.1
251,-1.7
252,-1.1
253,-0.3
254,0
255,0.3
256,0.3
257,0.9
258,1.1
259,1.5
260,1.9
261,1.9
262,2
263,2
264,2.3
265,2.2
266,2.5
267,2.6
268,2.7
269,2.5
270,2.2
271,2
272,1.8
273,2
274,2.2
275,2.1
276,2.3
277,2.3
278,2.6
279,2.9
280,3.1
281,3.1
282,3.1
283,2.8
284,2.9
285,2.8
286,2.7
287,2.7
288,2.5
289,2.7
290,2.7
291,2.7
292,2.9
293,3
294,3
295,2.9
296,2.8
297,2.5
298,2.6
299,3.2
300,4.2
301,4.9
302,5.2
303,5.6
304,4.9
305,3.9
306,3.3
307,2.5
308,2
309,1.5
310,1.4
311,1
312,0.7
313,0.5
314,0.4
315,0.1
316,-0.3
317,-0.4
318,-0.6
319,-0.6
320,-0.5
321,-0.8
322,-0.4
323,0.7
324,2
325,2.5
326,3
327,3.4
328,2.9
329,2.7
330,2.5
331,2.3
332,2.1
333,2.2
334,2.1
335,1.8
336,1.8
337,1.8
338,1.6
339,1.7
340,1.8
341,1.8
342,2
343,2.2
344,2.4
345,2.1
346,2.3
347,2.5
348,2.8
349,2.8
350,3
351,2.7
352,2.5
353,2.5
354,2.2
355,2.1
356,1.8
357,1.6
358,1.5
359,1.5
360,1.5
361,0.9
362,0.7
363,0.7
364,0.7
365,0.9
366,1.2
367,1.4
368,1.5
369,1.8
370,1.8
371,1.9
372,2.5
373,2.8
374,2.9
375,3
376,2.9
377,3.1
378,2.7
379,2.1
380,2.2
381,2.2
382,2.3
383,2.6
384,2.7
385,2.6
386,2.7
387,2.8
388,2.9
389,2.9
390,2.9
391,2.9
392,3
393,2.9
394,3
395,3.1
396,3.5
397,3.8
398,4.1
399,4.2
400,4.1
401,4
402,3.8
403,3.8
404,3.8
405,3.5
406,3.4
407,3.6
408,3.9
409,4
410,4
411,4.1
412,3.7
413,3.8
414,3.8
415,3.9
416,3.9
417,4.4
418,4.8
419,4.8
420,4.9
421,4.9
422,5.5
423,5.3
424,5.2
425,4.9
426,3.8
427,3.5
428,3.1
429,2.7
430,2.5
431,2.3
432,2.9
433,2.2
434,2.2
435,2.6
436,2.8
437,2.8
438,2.8
439,2.8
440,3
441,3.7
442,4.1
443,4.9
444,5.8
445,6.3
446,7
447,7.4
448,7.3
449,6.7
450,6.6
451,6.6
452,6.5
453,6.3
454,5.9
455,5.5
456,5.7
457,5.7
458,4.9
459,4.5
460,4.1
461,3.9
462,3.7
463,3.6
464,3.7
465,4.1
466,4.7
467,5.5
468,6.1
469,6.9
470,7.2
471,7.4
472,7.6
473,7.4
474,7.2
475,7.5
476,7.3
477,8.2
478,8.6
479,8.7
480,8.5
481,8
482,8
483,8.1
484,7.5
485,7.3
486,7.5
487,7.3
488,7
489,6.9
490,7.4
491,7.9
492,8.2
493,9.4
494,9.8
495,10.2
496,10.1
497,10.2
498,9.9
499,9.7
500,9
501,9.9
502,8.8
503,8.5
504,8.5
505,9.2
506,8.7
507,9
508,8.6
509,7.6
510,7
511,7
512,6.6
513,6
514,6.4
515,7
516,7.4
517,6.9
518,7.1
519,7.1
520,7.8
521,8
522,7.7
523,7.5
524,7.2
525,6.7
526,7.2
527,7.2
528,7
529,7
530,6.7
531,7.3
532,7.5
533,7.4
534,7.4
535,6.9
536,6.9
537,6.5
538,6.5
539,6.8
540,7.3
541,7.7
542,8.6
543,8.1
544,8.5
545,7.2
546,7.1
547,7.1
548,7.3
549,7.5
550,7.7
551,7.9
552,7.5
553,7.4
554,7.3
555,7.9
556,8.3
557,8.9
558,9.3
559,8.7
560,9.4
561,9.3
562,9.2
563,9.6
564,9.5
565,9.1
566,8.6
567,8.5
568,8.6
569,8.4
570,8.3
571,7.2
572,6.8
573,5.8
574,5.7
575,5.5
576,5.2
577,5.2
578,4.8
579,4.2
580,3.6
581,4.2
582,4.4
583,3
584,2.8
585,2.7
586,3.4
587,3.6
588,4.8
589,5.1
590,5.5
591,5.4
592,4.9
593,4.6
594,3.4
595,3
596,3.2
597,3.6
598,3.4
599,2.9
600,3.7
601,4.1
602,5.5
603,6.8
604,7.9
605,8.9
606,9.3
607,9
608,9.2
609,8.9
610,8.7
611,9.1
612,9.2
613,9.6
614,9.6
615,9.7
616,9.2
617,9
618,9
619,9.2
620,9
621,9.6
622,9.8
623,9.9
624,9.5
625,9.5
626,9.4
627,8.9
628,9
629,9
630,8.6
631,8.7
632,8.4
633,8
634,7.9
635,7.9
636,7.9
637,8
638,8
639,8.6
640,8.2
641,7.5
642,6.5
643,7.3
644,6.6
645,6.6
646,6.6
647,5.5
648,4.1
649,2.2
650,0.6
651,-0.9
652,-1
653,-1.2
654,-1.4
655,-1.5
656,-1.6
657,-1.4
658,-1.3
659,-0.9
660,-0.7
661,-0.2
662,0
663,0
664,-0.2
665,-0.5
666,-0.6
667,-0.3
668,-0.5
669,-0.7
670,-1.1
671,-1.3
672,-1.4
673,-1.4
674,-1.5
675,-1.4
676,-1.2
677,-1.7
678,-1.4
679,-1.7
680,-1.8
681,-2
682,-2.2
683,-2.7
684,-2.7
685,-1.8
686,-1
687,-0.7
688,-0.4
689,-0.2
690,-0.2
691,-0.2
692,-0.1
693,0.1
694,0.2
695,0.6
696,0.8
697,1
698,1.2
699,1.4
700,2
701,2.5
702,3.3
703,3.5
704,3.7
705,4.2
706,4.7
707,5.1
708,5.6
709,5.9
710,5.9
711,5.1
712,5.3
713,5.1
714,5.3
715,5.4
716,5.3
717,5.6
718,5.7
719,5.8
720,5.6
721,5
722,5.1
723,5.4
724,5.6
725,5.9
726,6.3
727,6.5
728,6
729,6.1
730,6.4
731,6.8
732,6.6
733,6.6
734,5.2
735,5
736,4.8
737,4.8
738,4.8
739,4.9
740,4.7
741,4.9
742,4.7
743,4.4
744,4.4
745,4.4
746,4.3
747,4.5
748,4.4
749,4.2
750,4.1
751,3.9
752,3.9
753,4.2
754,4.3
755,4.7
756,4.8
757,4.8
758,4.7
759,4.4
760,4.6
761,4.3
762,4.3
763,4.3
764,4.3
765,4.4
766,4.3
767,4.2
768,4.3
769,4.7
770,4.8
771,4.8
772,4.8
773,4.5
774,5
775,4.5
776,4.6
777,4.5
778,4.7
779,5
780,5.6
781,5.7
782,5.6
783,5.6
784,5.7
785,5.5
786,5.4
787,5.4
788,5.4
789,5.3
790,5.4
791,5.4
792,5.2
793,5
794,4.9
795,4.9
796,5.2
797,5
798,5.1
799,4.7
800,4.3
801,3.3
802,2.2
803,2.1
804,1.9
805,1.9
806,2.7
807,3.4
808,3.9
809,4.2
810,4.7
811,4.8
812,4.6
813,5.2
814,5.2
815,5.2
816,5.3
817,5.3
818,5.5
819,6
820,5.6
821,5.6
822,5.6
823,5.2
824,5.7
825,5.5
826,5.5
827,5.9
828,6.5
829,6.4
830,6.5
831,6.3
832,6.6
833,6.7
834,6.6
835,6.2
836,5.9
837,5.6
838,5.5
839,5.8
840,5.6
841,5.4
842,5.3
843,5.2
844,5.1
845,4.2
846,3.6
847,3
848,2.2
849,1.6
850,2.3
851,3.6
852,4.6
853,5.1
854,5.6
855,6.2
856,5.3
857,4.3
858,3.5
859,2.7
860,2.2
861,1.4
862,0.9
863,0.4
864,0
865,-0.3
866,-0.6
867,-0.9
868,-1
869,-1.1
870,-1.4
871,-1.8
872,-2.3
873,-2.3
874,-1.7
875,-0.9
876,0.7
877,0.3
878,1
879,1.5
880,1.8
881,1.5
882,0.8
883,0.3
884,-0.2
885,-0.7
886,-1.1
887,-1.1
888,-0.9
889,-0.5
890,-0.3
891,-0.2
892,-0.4
893,-0.3
894,-0.6
895,-0.9
896,-2
897,-2.1
898,-2.1
899,-1
900,1.1
901,1.8
902,2.6
903,3.1
904,3.3
905,3
906,2.6
907,1.9
908,1.6
909,1.5
910,1.3
911,0.5
912,0.2
913,0.3
914,0.3
915,-0.5
916,-1.2
917,-1.1
918,-1.7
919,-2.1
920,-2.1
921,-1.8
922,-1.6
923,-0.2
924,0.8
925,0.2
926,0.1
927,0
928,0.1
929,0.5
930,0.6
931,0
932,-0.4
933,-0.6
934,-0.5
935,-0.5
936,-0.5
937,-0.4
938,-0.3
939,-0.3
940,-0.2
941,-0.2
942,-0.2
943,-0.2
944,-0.1
945,-0.3
946,-0.2
947,-0.1
948,0
949,0.3
950,0.7
951,0.9
952,1.1
953,1.1
954,0.9
955,0.9
956,0.7
957,0.6
958,0.5
959,0.3
960,0.1
961,0
962,-0.3
963,-0.5
964,-0.7
965,-0.9
966,-1
967,-1.3
968,-1.7
969,-1.7
970,-1.8
971,-1.8
972,-1.7
973,-1.6
974,-1.6
975,-1.2
976,-1.2
977,-1.2
978,-1.2
979,-1.3
980,-1.4
981,-1.7
982,-1.9
983,-2.2
984,-2.5
985,-2.8
986,-2.8
987,-2.7
988,-2.5
989,-2.4
990,-1.9
991,-1.7
992,-1.6
993,-1.3
994,-0.8
995,-0.6
996,-0.3
997,0.2
998,0.6
999,0.5
1000,0.7
1001,0.9
1002,1.1
1003,1.2
1004,1.3
1005,1.4
1006,1.6
1007,1.8
1008,2.4
1009,3.5
1010,4.1
1011,4.1
1012,4.1
1013,4.5
1014,4.5
1015,5
1016,4.6
1017,4.6
1018,5
1019,5.6
1020,5.8
1021,6
1022,6
1023,6.1
1024,6.3
1025,6.4
1026,6.6
1027,6.1
1028,6
1029,6.5
1030,6
1031,6.4
1032,6.1
1033,6
1034,5.8
1035,5.7
1036,5.7
1037,5.1
1038,5.2
1039,5.1
1040,5
1041,4.5
1042,4.6
1043,4.5
1044,4.7
1045,5.6
1046,5.5
1047,5.7
1048,5.6
1049,5.7
1050,5.3
1051,5.4
1052,6.1
1053,5.8
1054,6
1055,6.1
1056,6.2
1057,5.9
1058,5.9
1059,5.8
1060,5.7
1061,5.4
1062,4.7
1063,4.9
1064,4.2
1065,4.3
1066,4.7
1067,5.6
1068,6.4
1069,7.2
1070,7.5
1071,7
1072,6.9
1073,6.5
1074,6
1075,6
1076,5.7
1077,5.3
1078,5.4
1079,5.3
1080,5.3
1081,5.1
1082,5.2
1083,5
1084,4.9
1085,4.8
1086,4.7
1087,4.8
1088,4.8
1089,4.8
1090,5
1091,4.7
1092,5.5
1093,5.4
1094,5.8
1095,7.4
1096,7.4
1097,6.8
1098,6.5
1099,5.3
1100,4.5
1101,4.2
1102,3.9
1103,3.4
1104,3.2
1105,2.7
1106,2.5
1107,2.6
1108,2.1
1109,1.9
1110,1.7
1111,1.8
1112,1.7
1113,2.2
1114,2.7
1115,3.5
1116,4.6
1117,5.9
1118,6.5
1119,6.9
1120,7.3
1121,6.4
1122,5.5
1123,4.4
1124,4
1125,4
1126,4
1127,3.8
1128,3.6
1129,3.7
1130,3.9
1131,4
1132,3.8
1133,3.7
1134,3.4
1135,3.3
1136,3
1137,3
1138,3.6
1139,4.7
1140,6
1141,6.9
1142,7.8
1143,8.3
1144,8.2
1145,7.9
1146,7.2
1147,6.7
1148,6.2
1149,5.8
1150,5.3
1151,4.6
1152,4
1153,3.3
1154,2.6
1155,2.1
1156,1.7
1157,1.8
1158,1.2
1159,1.6
1160,1.8
1161,2
1162,2
1163,1.9
1164,2.2
1165,1.4
1166,1.9
1167,1.3
1168,1.2
1169,1.4
1170,2.5
1171,3.9
1172,4.5
1173,4.7
1174,4.6
1175,4.4
1176,4.7
1177,4.1
1178,3.9
1179,3.6
1180,3.2
1181,3.6
1182,3.9
1183,4
1184,4.1
1185,4.2
1186,4.3
1187,4.9
1188,5.1
1189,5.2
1190,5.4
1191,5.3
1192,5.6
1193,5
1194,4.1
1195,3.4
1196,3.3
1197,3.2
1198,2.9
1199,2.8
1200,2.8
1201,2.9
1202,2.5
1203,2.3
1204,1.5
1205,1.3
1206,1.3
1207,1.3
1208,1.2
1209,1.3
1210,1.8
1211,2.3
1212,3.4
1213,3.6
1214,3.5
1215,3.3
1216,3.2
1217,3.4
1218,3.3
1219,2.7
1220,2.4
1221,1.9
1222,1.2
1223,1.3
1224,1.1
1225,2.1
1226,2.1
1227,1.5
1228,1
1229,0.6
1230,-0.8
1231,-0.9
1232,-1.5
1233,-1.5
1234,-1.8
1235,1.1
1236,2.2
1237,3.5
1238,4.2
1239,3.7
1240,3.8
1241,3.6
1242,3.5
1243,3.2
1244,2.9
1245,2.6
1246,2.4
1247,2.4
1248,2.3
1249,1.6
1250,1.7
1251,1.5
1252,1.7
1253,2.2
1254,2.4
1255,2.7
1256,3.1
1257,3.1
1258,3.4
1259,4.5
1260,4.8
1261,5.2
1262,5.4
1263,5.3
1264,5.4
1265,5.4
1266,5.3
1267,4.1
1268,3.7
1269,3.4
1270,3
1271,2.9
1272,2
1273,2.6
1274,2.3
1275,2.4
1276,2.7
1277,2.7
1278,1.1
1279,0.8
1280,-1.3
1281,-1.7
1282,-1.1
1283,-0.5
1284,-0.2
1285,1.6
1286,2.2
1287,2.7
1288,2.5
1289,2.5
1290,2.3
1291,2.2
1292,1.6
1293,1.3
1294,1.2
1295,2
1296,2.2
1297,2.7
1298,3.1
1299,4.3
1300,4.2
1301,4.5
1302,4.9
1303,5.3
1304,5.8
1305,6.2
1306,6.7
1307,7.9
1308,8
1309,7.9
1310,7.1
1311,6.8
1312,6.4
1313,6.1
1314,5.7
1315,5.2
1316,4.6
1317,4.6
1318,4.6
1319,4.3
1320,3.9
1321,4.2
1322,4.1
1323,4.3
1324,4
1325,3.5
1326,3.5
1327,3.3
1328,3
1329,2.9
1330,3.3
1331,4.1
1332,6
1333,6.4
1334,6.4
1335,6.5
1336,6.5
1337,6.4
1338,5.6
1339,5.3
1340,5.4
1341,5.3
1342,5.4
1343,5
1344,4.7
1345,4.1
1346,3.9
1347,3.6
1348,3.7
1349,3.8
1350,3.7
1351,3.4
1352,2.8
1353,3.2
1354,3.9
1355,5.2
1356,6.4
1357,7.4
1358,8
1359,8.4
1360,8.1
1361,7.3
1362,6.8
1363,6.4
1364,6.4
1365,6.1
1366,5
1367,3.9
1368,3.3
1369,2.5
1370,2.1
1371,1.6
1372,1.4
1373,2
1374,1.9
1375,1.8
1376,1.2
1377,1.7
1378,2.1
1379,3.5
1380,5.6
1381,6.9
1382,7.2
1383,8.1
1384,8.9
1385,9.1
1386,9.1
1387,9.3
1388,9.2
1389,9.1
1390,9.2
1391,7.8
1392,5.9
1393,3.5
1394,1.6
1395,0.1
1396,0.1
1397,0
1398,-0.1
1399,0.1
1400,0
1401,-0.3
1402,0
1403,1.2
1404,1.7
1405,2.1
1406,2.2
1407,2.2
1408,1.8
1409,2.2
1410,1.8
1411,1.6
1412,1.2
1413,1.1
1414,0.6
1415,0.4
1416,0.2
1417,-0.3
1418,-0.7
1419,-0.5
1420,-0.5
1421,-0.5
1422,-0.5
1423,-0.5
1424,-0.9
1425,-0.6
1426,-0.3
1427,0.1
1428,0.6
1429,1
1430,1.5
1431,2.2
1432,2.3
1433,2.1
1434,1.8
1435,1.2
1436,0.7
1437,0.6
1438,0.7
1439,1
1440,1
1441,1
1442,0.8
1443,0.2
1444,-0.4
1445,-1
1446,-0.8
1447,-0.5
1448,-0.3
1449,-0.3
1450,-0.4
1451,-0.6
1452,-0.8
1453,-0.9
1454,-0.8
1455,-0.4
1456,-0.6
1457,-0.6
1458,-1.1
1459,-1.5
1460,-1.6
1461,-1.7
1462,-1.7
1463,-1.6
1464,-1.8
1465,-2.2
1466,-2
1467,-1.9
1468,-2
1469,-2.3
1470,-2.4
1471,-2.3
1472,-2.5
1473,-2.6
1474,-2.4
1475,-2.3
1476,-1.8
1477,-1.3
1478,-0.9
1479,-0.6
1480,0
1481,-0.1
1482,-0.3
1483,-0.6
1484,-0.8
1485,-0.8
1486,-0.9
1487,-1
1488,-1.7
1489,-1.9
1490,-2.1
1491,-1.7
1492,-1.6
1493,-1.2
1494,-1.1
1495,-1.3
1496,-1.4
1497,-1.1
1498,-0.7
1499,-0.1
1500,0.7
1501,1
1502,1.1
1503,1.3
1504,1.5
1505,1.5
1506,1.5
1507,1.4
1508,1.3
1509,1.1
1510,1.1
1511,0.9
1512,0.3
1513,0.4
1514,0
1515,-0.5
1516,-0.6
1517,-0.4
1518,-0.9
1519,-1
1520,-0.8
1521,-0.3
1522,0.7
1523,2
1524,2.4
1525,2.5
1526,3.4
1527,4
1528,4.9
1529,4.6
1530,3.9
1531,3.4
1532,2.6
1533,1.6
1534,1.3
1535,0.3
1536,0.2
1537,-0.1
1538,-0.4
1539,-1.1
1540,-1.5
1541,-1.8
1542,-1.8
1543,-2
1544,-2
1545,-1.1
1546,0.4
1547,1.9
1548,3.2
1549,4.4
1550,5.1
1551,5.3
1552,5.6
1553,5.5
1554,5.3
1555,4.1
1556,3.2
1557,2.1
1558,1.5
1559,1.1
1560,0.5
1561,-0.1
1562,-0.6
1563,-0.8
1564,-1
1565,-1
1566,-1
1567,-0.8
1568,-0.4
1569,0.4
1570,2
1571,2.3
1572,3.4
1573,4.1
1574,5.7
1575,5.5
1576,5.7
1577,5.6
1578,5.6
1579,5.5
1580,5.5
1581,5.4
1582,5.4
1583,5.5
1584,5.5
1585,5.3
1586,5.4
1587,4.6
1588,4.7
1589,3.6
1590,3.8
1591,3.4
1592,3.5
1593,4.1
1594,5.8
1595,6.7
1596,8.2
1597,10
1598,10.3
1599,10.5
1600,10.9
1601,11.3
1602,10.3
1603,9.9
1604,9.3
1605,8.3
1606,8.5
1607,8.8
1608,9
1609,9.2
1610,9
1611,8
1612,7.4
1613,8.4
1614,8.1
1615,7.6
1616,8.1
1617,8.2
1618,8.4
1619,8.9
1620,9.3
1621,9.4
1622,9.7
1623,11.1
1624,10.5
1625,9.6
1626,8.6
1627,8.8
1628,8.7
1629,8.6
1630,8.6
1631,9
1632,9.5
1633,10.2
1634,10.7
1635,10.9
1636,10.7
1637,10.7
1638,10.4
1639,10.4
1640,10.1
1641,10
1642,9.7
1643,9
1644,8.1
1645,7.4
1646,7.3
1647,7.1
1648,6.9
1649,6.6
1650,6.1
1651,6.3
1652,6.1
1653,6
1654,5.7
1655,5.2
1656,5
1657,5.1
1658,5.2
1659,4.9
1660,4.8
1661,5
1662,5
1663,4.9
1664,4.5
1665,4.6
1666,5
1667,5.4
1668,5
1669,4.9
1670,5.4
1671,5.2
1672,5.4
1673,5.8
1674,6.1
1675,6
1676,5.9
1677,5.2
1678,4.6
1679,4.6
1680,5
1681,6.1
1682,7.2
1683,7.7
1684,7.8
1685,7.9
1686,8.5
1687,8
1688,7.8
1689,7.6
1690,7.9
1691,7.6
1692,7.6
1693,7.4
1694,7.6
1695,7.5
1696,7.2
1697,6.6
1698,5.8
1699,5.5
1700,5.3
1701,4.9
1702,4.8
1703,4.3
1704,4.2
1705,4
1706,4
1707,4.1
1708,4.1
1709,3.9
1710,3.9
1711,3.9
1712,3.7
1713,4.2
1714,4.9
1715,5.2
1716,5.5
1717,6.7
1718,7.3
1719,7.5
1720,7.4
1721,7.9
1722,7.4
1723,7.1
1724,7.2
1725,7.2
1726,7
1727,7
1728,6.8
1729,6.9
1730,6.8
1731,6.6
1732,7.2
1733,6.6
1734,6.3
1735,6.4
1736,6.2
1737,6.5
1738,6.5
1739,6.6
1740,6.8
1741,6.9
1742,7.1
1743,7.4
1744,7.6
1745,7.6
1746,7.3
1747,7.7
1748,8
1749,8
1750,7.8
1751,7.8
1752,7.9
1753,7.9
1754,8.1
1755,8.2
1756,8.4
1757,8.5
1758,8.6
1759,8.5
1760,8.3
1761,7.8
1762,7.4
1763,7.1
1764,6.8
1765,6.4
1766,6.5
1767,6.7
1768,6.7
1769,6.6
1770,6.8
1771,5.6
1772,6
1773,4.8
1774,5.2
1775,5
1776,4.9
1777,4.5
1778,3.5
1779,3.6
1780,4.9
1781,3.7
1782,3.4
1783,4.4
1784,4.5
1785,4.3
1786,4.7
1787,5
1788,5.1
1789,5.5
1790,5.1
1791,4.7
1792,6
1793,5.8
1794,5.2
1795,4.1
1796,6.1
1797,6.9
1798,7.2
1799,7.1
1800,6.6
1801,6.5
1802,6.3
1803,6.3
1804,5.7
1805,5.5
1806,5.4
1807,4.7
1808,4.9
1809,5.1
1810,5
1811,5.6
1812,5.5
1813,5.5
1814,5.6
1815,5.6
1816,5.8
1817,5.8
1818,6
1819,6
1820,5.9
1821,6.3
1822,6.8
1823,6.9
1824,7.1
1825,7.4
1826,7.4
1827,7.2
1828,7.3
1829,7.2
1830,7.3
1831,7.3
1832,7
1833,6.9
1834,6.7
1835,6.7
1836,6.9
1837,7.2
1838,6.9
1839,6.7
1840,6.6
1841,6.4
1842,6.3
1843,6.1
1844,6.2
1845,6
1846,6.3
1847,6.2
1848,6.4
1849,6.3
1850,6.3
1851,6.3
1852,6.2
1853,5.8
1854,5.7
1855,6.1
1856,6.3
1857,6.2
1858,6.3
1859,5.5
1860,5.8
1861,5.7
1862,5.4
1863,5.3
1864,5.8
1865,6
1866,6.2
1867,6.2
1868,6.3
1869,6
1870,5.7
1871,5
1872,4.6
1873,3.5
1874,3.2
1875,3.1
1876,2.7
1877,2.5
1878,2.7
1879,2.3
1880,2.4
1881,3.3
1882,4.6
1883,5.4
1884,5.4
1885,5.6
1886,5.6
1887,5.8
1888,5.9
1889,6
1890,5.5
1891,5.4
1892,5.3
1893,4.8
1894,4.2
1895,4.1
1896,4.5
1897,4.1
1898,3.8
1899,3.5
1900,3.6
1901,4.1
1902,4.5
1903,4.7
1904,4.9
1905,5.3
1906,5.4
1907,6
1908,6.3
1909,6.1
1910,6
1911,6.7
1912,6.9
1913,7.2
1914,7.1
1915,7.1
1916,6.6
1917,5.6
1918,5.6
1919,5.4
1920,5.4
1921,5.1
1922,5.2
1923,5.5
1924,5.6
1925,5.6
1926,5.4
1927,5.2
1928,5
1929,5.4
1930,6
1931,6.1
1932,6.6
1933,7.5
1934,8.1
1935,7.9
1936,7.5
1937,7.6
1938,7.8
1939,7.5
1940,7.3
1941,7.2
1942,7.1
1943,7.1
1944,7.3
1945,7.8
1946,7.5
1947,7.5
1948,7
1949,6.5
1950,6.3
1951,5.8
1952,6.1
1953,6.8
1954,7.9
1955,8.7
1956,8.9
1957,9
1958,8.9
1959,9.1
1960,8.7
1961,9.3
1962,9.5
1963,8.4
1964,8.9
1965,7.7
1966,7
1967,7
1968,6.9
1969,6.6
1970,6.2
1971,6.1
1972,5.6
1973,5.7
1974,5.7
1975,4
1976,4
1977,4.3
1978,5.1
1979,5.7
1980,6.7
1981,7.4
1982,8.1
1983,8.7
1984,9
1985,9.3
1986,8.9
1987,8.4
1988,7.3
1989,6.1
1990,5.6
1991,5.5
1992,5.3
1993,4.8
1994,5
1995,4.8
1996,4.3
1997,3.8
1998,3.4
1999,3.6
2000,4.4
2001,5.1
2002,6.3
2003,7.3
2004,8
2005,8.5
2006,8.6
2007,9
2008,8.3
2009,7.3
2010,6.5
2011,6.4
2012,6.3
2013,6.3
2014,6.1
2015,6
2016,6.1
2017,6.3
2018,6.4
2019,6.8
2020,7.7
2021,7.7
2022,7.3
2023,6.8
2024,6.6
2025,7.8
2026,8.5
2027,9.3
2028,10.2
2029,11.5
2030,11.7
2031,11.9
2032,11.4
2033,11.4
2034,11
2035,9.1
2036,9
2037,8.3
2038,7.9
2039,7.8
2040,7.8
2041,8
2042,8.2
2043,8.4
2044,8.3
2045,8.4
2046,8.2
2047,8.7
2048,8.9
2049,9.5
2050,10.1
2051,10.3
2052,10.9
2053,11.2
2054,11.2
2055,10.9
2056,10.9
2057,10
2058,9.5
2059,8.7
2060,8.7
2061,8.4
2062,7.8
2063,7.5
2064,5.9
2065,5.3
2066,5.6
2067,5.8
2068,5.4
2069,5.5
2070,5.6
2071,5.8
2072,6.3
2073,7
2074,7.8
2075,8.5
2076,9.4
2077,9.8
2078,10.3
2079,10.8
2080,11.2
2081,11.4
2082,10.9
2083,9.5
2084,8.6
2085,8.2
2086,7.8
2087,7.8
2088,7.8
2089,7.8
2090,7.4
2091,6.6
2092,5.9
2093,5.7
2094,5.5
2095,5.1
2096,5.1
2097,5.2
2098,5.5
2099,5.2
2100,5.6
2101,6.4
2102,6.8
2103,7.4
2104,8.3
2105,8.5
2106,9
2107,8.3
2108,7.6
2109,6.8
2110,6.8
2111,6.6
2112,6.5
2113,6.2
2114,6.1
2115,5.7
2116,5.5
2117,5.2
2118,5
2119,4.9
2120,5.2
2121,6.1
2122,7.5
2123,8.8
2124,10.1
2125,11.1
2126,12.3
2127,11.9
2128,11.9
2129,11.8
2130,11.5
2131,9.3
2132,8
2133,7
2134,5.9
2135,5.5
2136,4.9
2137,4
2138,3.3
2139,2.5
2140,1.8
2141,1.3
2142,0.9
2143,1.3
2144,2.3
2145,4.3
2146,6.4
2147,8.1
2148,9.5
2149,10.2
2150,10.6
2151,11.5
2152,11.9
2153,12.1
2154,11.9
2155,11
2156,9.6
2157,7.7
2158,6.4
2159,5.7
2160,4.6
2161,4.6
2162,4.7
2163,4.5
2164,4.2
2165,3.6
2166,2.9
2167,2.9
2168,4.3
2169,6.6
2170,8.6
2171,10.1
2172,12.1
2173,12.9
2174,13.6
2175,13.6
2176,14.3
2177,14.1
2178,13.7
2179,12.5
2180,11.2
2181,9.8
2182,9
2183,8.4
2184,7.2
2185,7.2
2186,6.6
2187,5.8
2188,4.9
2189,4.4
2190,3.8
2191,3.7
2192,5.2
2193,8.1
2194,10.5
2195,12.8
2196,13.3
2197,14.2
2198,14.9
2199,16.1
2200,17
2201,17
2202,16.6
2203,15.3
2204,14
2205,12.3
2206,11
2207,10.3
2208,9.6
2209,9.1
2210,8.7
2211,8
2212,7.2
2213,6.6
2214,6.1
2215,6.2
2216,8.1
2217,10.8
2218,12.8
2219,15.3
2220,17.2
2221,18.2
2222,19.2
2223,18.5
2224,18.6
2225,19.7
2226,19.3
2227,17.9
2228,16.2
2229,15.3
2230,14.7
2231,13.7
2232,13.3
2233,12.1
2234,11.4
2235,10.8
2236,10.3
2237,10
2238,9.7
2239,9.9
2240,10.7
2241,12.5
2242,14.2
2243,16.3
2244,16.9
2245,18.5
2246,20.2
2247,19.2
2248,18.5
2249,16.7
2250,16.1
2251,16.2
2252,14.5
2253,11.4
2254,10.5
2255,11.4
2256,10.8
2257,8.9
2258,8.2
2259,7.6
2260,7.4
2261,7.2
2262,7.1
2263,7.1
2264,7.9
2265,8.1
2266,8.6
2267,9
2268,10.5
2269,11.7
2270,11.8
2271,12
2272,12.1
2273,11.5
2274,11.5
2275,9.9
2276,9.3
2277,8.4
2278,7.7
2279,6.7
2280,5.7
2281,4.7
2282,3.7
2283,3.1
2284,3
2285,3.4
2286,3.7
2287,4.3
2288,5.4
2289,5.9
2290,2.6
2291,4.9
2292,5.3
2293,5.3
2294,5.3
2295,5.3
2296,5
2297,5
2298,4.6
2299,4.3
2300,3.5
2301,3.6
2302,3.4
2303,3
2304,3
2305,2.7
2306,2.3
2307,2.2
2308,2
2309,0.4
2310,0.4
2311,0.6
2312,2.5
2313,4.2
2314,4.5
2315,4.6
2316,5.3
2317,5.3
2318,6
2319,6.1
2320,6.3
2321,6.7
2322,6.5
2323,6.1
2324,5.3
2325,4.5
2326,3.9
2327,3.5
2328,3.9
2329,3.9
2330,3.9
2331,4
2332,3.8
2333,4.2
2334,4.2
2335,4.7
2336,5
2337,5.5
2338,6.4
2339,7
2340,8
2341,9
2342,9.6
2343,10.1
2344,10.6
2345,10.1
2346,11.2
2347,10.1
2348,9.4
2349,8.5
2350,7.7
2351,7.1
2352,7.1
2353,6.5
2354,5.9
2355,5.5
2356,5.4
2357,5.3
2358,5.4
2359,5.7
2360,6.2
2361,7.4
2362,8.7
2363,11
2364,12.7
2365,14.1
2366,15.2
2367,15.2
2368,11.1
2369,10.8
2370,10.2
2371,9.3
2372,9
2373,8
2374,7.4
2375,6.7
2376,7.3
2377,7.3
2378,5.9
2379,5.5
2380,6.1
2381,6.6
2382,6.6
2383,5.6
2384,6
2385,7
2386,8
2387,8.5
2388,9.3
2389,9.9
2390,9.3
2391,11
2392,9.9
2393,11.4
2394,10.7
2395,9.6
2396,8
2397,7.6
2398,7.2
2399,7.2
2400,6.5
2401,6.7
2402,6.8
2403,7.1
2404,7.2
2405,7.9
2406,7.9
2407,7.9
2408,7.6
2409,7.6
2410,6.6
2411,6.6
2412,6.2
2413,6.3
2414,6.1
2415,6.2
2416,6.5
2417,6.7
2418,6.7
2419,6.4
2420,6.3
2421,6
2422,6.3
2423,6.2
2424,6.2
2425,6.2
2426,6.2
2427,6.1
2428,5.9
2429,6
2430,6
2431,6
2432,6.2
2433,6.4
2434,6.8
2435,6.7
2436,7.1
2437,7.3
2438,6.8
2439,7
2440,6.9
2441,7.9
2442,7.6
2443,7.1
2444,6
2445,6
2446,5.9
2447,5.5
2448,4.7
2449,4.1
2450,3.9
2451,3.2
2452,3
2453,2.4
2454,3.4
2455,4.1
2456,5.3
2457,6.2
2458,6.4
2459,7
2460,7.3
2461,7.2
2462,7.2
2463,7.1
2464,6.8
2465,6.6
2466,6.7
2467,6.5
2468,6.6
2469,6.6
2470,6.7
2471,6.7
2472,7
2473,7.3
2474,7.3
2475,7.4
2476,7.5
2477,7.6
2478,7.9
2479,8.1
2480,7.7
2481,7.7
2482,7.7
2483,7.7
2484,7.7
2485,7.7
2486,8.5
2487,7.9
2488,7.1
2489,6.5
2490,6
2491,6.1
2492,6.3
2493,6.2
2494,6
2495,3.8
2496,5
2497,5.2
2498,5.4
2499,5.3
2500,4.7
2501,4.8
2502,4.5
2503,4.5
2504,5.1
2505,5.8
2506,6.4
2507,6.7
2508,6.6
2509,7.1
2510,7.3
2511,7.4
2512,7.1
2513,6.6
2514,6.3
2515,6.3
2516,6.2
2517,6
2518,5.6
2519,5.3
2520,4.7
2521,4.3
2522,4
2523,4.3
2524,4.1
2525,3.8
2526,3.9
2527,4.4
2528,5.4
2529,7.1
2530,7.6
2531,7.3
2532,7.7
2533,8
2534,8.4
2535,8.6
2536,8.6
2537,7.9
2538,8.1
2539,7.8
2540,6.9
2541,6.4
2542,6.2
2543,5.8
2544,5.8
2545,5.5
2546,5.2
2547,4.8
2548,4.8
2549,3.9
2550,3.2
2551,3.5
2552,5.1
2553,6.7
2554,7.3
2555,7.3
2556,7.7
2557,8.2
2558,9
2559,9.3
2560,9.1
2561,8.7
2562,8.7
2563,7.6
2564,6.7
2565,6.1
2566,5.8
2567,5.8
2568,6.1
2569,6.4
2570,6.7
2571,7
2572,7.1
2573,7.1
2574,7.3
2575,7.3
2576,7.4
2577,7.4
2578,7.5
2579,8
2580,8.2
2581,8.1
2582,8
2583,7.8
2584,7.6
2585,7.6
2586,7.5
2587,7.4
2588,6.8
2589,6.5
2590,5.2
2591,4.8
2592,4.7
2593,4.5
2594,4.6
2595,4.3
2596,4.1
2597,3.8
2598,3.5
2599,3.9
2600,5.4
2601,6.4
2602,5.6
2603,6.3
2604,7.2
2605,7.4
2606,6.8
2607,6.8
2608,7.4
2609,7.4
2610,7.6
2611,7.5
2612,7
2613,6.4
2614,6.5
2615,5.9
2616,4.9
2617,4.3
2618,3.7
2619,3.1
2620,2.8
2621,2.1
2622,2
2623,2.2
2624,4.3
2625,6.6
2626,8.9
2627,10.7
2628,11.4
2629,11.8
2630,12.3
2631,13
2632,12.9
2633,13.1
2634,12.9
2635,12.4
2636,11.3
2637,10.1
2638,9.3
2639,8.7
2640,8
2641,7.6
2642,7.2
2643,7.1
2644,6.9
2645,6.9
2646,7.3
2647,6.6
2648,6.5
2649,6.2
2650,6.2
2651,6.7
2652,7.2
2653,7.8
2654,8.8
2655,10.7
2656,12.7
2657,12.6
2658,12.2
2659,11.8
2660,10.7
2661,10
2662,9.3
2663,9
2664,8.9
2665,9.4
2666,9.8
2667,9.7
2668,9.4
2669,9.2
2670,8.6
2671,8.9
2672,10.8
2673,11
2674,11.7
2675,12.8
2676,12.8
2677,14.3
2678,14.1
2679,13.7
2680,12.7
2681,12.1
2682,11.7
2683,12.1
2684,10.5
2685,10
2686,9.7
2687,9.7
2688,9.4
2689,9.1
2690,8.4
2691,8.3
2692,8.4
2693,8.1
2694,7.9
2695,8.6
2696,9.3
2697,10.8
2698,12
2699,13.5
2700,14.9
2701,16
2702,15.4
2703,16.7
2704,16.2
2705,16.4
2706,15.2
2707,14.9
2708,13.4
2709,12.5
2710,11.6
2711,10.9
2712,10.4
2713,9.7
2714,9.1
2715,8.8
2716,8.3
2717,8.1
2718,8
2719,8.3
2720,10
2721,12.6
2722,14.9
2723,16.9
2724,17.3
2725,17.9
2726,19
2727,19
2728,17.9
2729,16.9
2730,14.7
2731,13.5
2732,12.9
2733,12.5
2734,12.7
2735,12.4
2736,11.9
2737,12
2738,11.6
2739,11.1
2740,10.7
2741,9.6
2742,9.3
2743,10
2744,11
2745,12.3
2746,14.9
2747,15.4
2748,16.4
2749,16.3
2750,14.3
2751,14.9
2752,13.6
2753,15.4
2754,13.2
2755,13.2
2756,13.1
2757,12.8
2758,12
2759,11.3
2760,10.6
2761,10
2762,8.9
2763,8
2764,7.2
2765,7.3
2766,7.9
2767,8.2
2768,7.8
2769,8.2
2770,9.3
2771,10.7
2772,11.8
2773,13.6
2774,15
2775,15.4
2776,15.6
2777,16.4
2778,16
2779,15.1
2780,13.9
2781,12.5
2782,11.8
2783,10.9
2784,9.8
2785,9.2
2786,8.8
2787,8.7
2788,8.7
2789,9.4
2790,9.5
2791,9.7
2792,10.1
2793,11.8
2794,12.6
2795,13.6
2796,14.1
2797,15.3
2798,15.9
2799,16.3
2800,16.2
2801,15.9
2802,15.6
2803,15
2804,14.2
2805,13.7
2806,13.2
2807,12.2
2808,11.1
2809,9.8
2810,8.8
2811,7.9
2812,7.8
2813,7.8
2814,7.6
2815,8.1
2816,8.7
2817,8.5
2818,9.6
2819,10.2
2820,11.4
2821,10.9
2822,10.8
2823,11
2824,9.7
2825,11.7
2826,9.9
2827,10.3
2828,9.6
2829,8.8
2830,8.4
2831,8.3
2832,8
2833,7.6
2834,8.2
2835,7.6
2836,7.3
2837,6.7
2838,8.4
2839,9
2840,9.1
2841,9.8
2842,10.4
2843,11.7
2844,12
2845,13.5
2846,14.3
2847,14.9
2848,15.9
2849,15.9
2850,15.2
2851,15
2852,14.8
2853,14.2
2854,13.8
2855,12.5
2856,12.1
2857,11.6
2858,12.5
2859,12.7
2860,12.5
2861,12.3
2862,11.9
2863,12.1
2864,12.6
2865,14.1
2866,14.8
2867,14.7
2868,16.8
2869,17.6
2870,18.1
2871,17.4
2872,14.5
2873,14
2874,16.3
2875,15.9
2876,14.8
2877,13.9
2878,13.5
2879,13.5
2880,12.4
2881,11.5
2882,10.6
2883,10
2884,9.9
2885,9.8
2886,10
2887,10.2
2888,10.1
2889,10.1
2890,10.8
2891,11.7
2892,11.7
2893,12.4
2894,13.3
2895,13.6
2896,12.4
2897,12.3
2898,12.2
2899,10.6
2900,9.3
2901,8.7
2902,8.8
2903,8.8
2904,8.6
2905,8.2
2906,7.7
2907,7.1
2908,6.2
2909,5.6
2910,5.6
2911,6.7
2912,8.2
2913,9.4
2914,10.9
2915,12.1
2916,14.1
2917,15.8
2918,16.3
2919,17.2
2920,18.3
2921,18.6
2922,18.5
2923,17.9
2924,15.5
2925,13.9
2926,12.6
2927,12.1
2928,11.1
2929,10.5
2930,10.3
2931,10.1
2932,9.7
2933,9.4
2934,10.2
2935,11.4
2936,12.9
2937,14.6
2938,17.3
2939,17.1
2940,18.7
2941,20.5
2942,22.1
2943,23.2
2944,22.6
2945,14.3
2946,12.6
2947,12.1
2948,11.7
2949,10.8
2950,10.3
2951,9.9
2952,10.5
2953,10.3
2954,9.6
2955,9.1
2956,8.9
2957,8.8
2958,8.9
2959,8.7
2960,8.7
2961,8.7
2962,9
2963,9
2964,9
2965,9.2
2966,9.1
2967,9.4
2968,9.3
2969,9.3
2970,9.4
2971,9.2
2972,8.9
2973,8.3
2974,7.8
2975,7.6
2976,7.3
2977,7.1
2978,7.1
2979,6.7
2980,6.2
2981,5.9
2982,6
2983,6.7
2984,7.8
2985,8.1
2986,8.2
2987,8.6
2988,8.6
2989,8.4
2990,8.5
2991,9
2992,8.4
2993,8.3
2994,8.4
2995,8.4
2996,8.5
2997,8.6
2998,8.5
2999,8
3000,7.8
3001,8.4
3002,7.7
3003,7.2
3004,7.1
3005,6.8
3006,6.8
3007,7.7
3008,8.4
3009,10.3
3010,10.4
3011,11.7
3012,12.4
3013,12.8
3014,13.2
3015,13.3
3016,14.2
3017,13.6
3018,13.5
3019,13.4
3020,12.2
3021,11.5
3022,10.7
3023,10
3024,9.2
3025,8.5
3026,7.8
3027,7.1
3028,6.5
3029,6.3
3030,6.4
3031,7.8
3032,9.1
3033,9.4
3034,10.8
3035,11
3036,11.3
3037,11.9
3038,11.8
3039,12.5
3040,11.4
3041,12.2
3042,11.8
3043,11.6
3044,10.7
3045,10.3
3046,10
3047,9.3
3048,8.5
3049,7.4
3050,6.4
3051,5.7
3052,5.4
3053,5.2
3054,4.3
3055,4.2
3056,4.7
3057,5.7
3058,6.6
3059,7.8
3060,9.5
3061,9.7
3062,10.5
3063,11.4
3064,12.2
3065,12.5
3066,12.3
3067,11.8
3068,11.3
3069,10.1
3070,9.9
3071,9.2
3072,8.3
3073,7.5
3074,7.4
3075,6
3076,5.7
3077,5.5
3078,6.3
3079,7.7
3080,9.3
3081,10.4
3082,10.7
3083,9.1
3084,8.7
3085,9.1
3086,9
3087,10.9
3088,11.6
3089,8.7
3090,10
3091,10.5
3092,10.2
3093,9.1
3094,9.8
3095,8.9
3096,9
3097,8.1
3098,7.7
3099,7.3
3100,7
3101,6.5
3102,7.3
3103,8.3
3104,9.3
3105,9.9
3106,10.4
3107,11.3
3108,13.1
3109,12.9
3110,13.7
3111,11.9
3112,12.4
3113,11.8
3114,12
3115,12
3116,12
3117,11.2
3118,11.1
3119,11.5
3120,12
3121,12.5
3122,12.6
3123,12.2
3124,12.2
3125,11.8
3126,11.9
3127,12.6
3128,13.9
3129,15.2
3130,15.8
3131,17.5
3132,18.1
3133,18.5
3134,19.4
3135,15.8
3136,14.6
3137,14.4
3138,13.3
3139,14
3140,13.4
3141,13.1
3142,13.5
3143,13.4
3144,13.2
3145,13
3146,12.6
3147,12.7
3148,12.2
3149,11.9
3150,11.7
3151,11.6
3152,12.6
3153,13.7
3154,14.2
3155,15.3
3156,16
3157,16.7
3158,16.5
3159,14.8
3160,15.9
3161,16
3162,16
3163,15.7
3164,14.8
3165,14.4
3166,13.6
3167,12.9
3168,12.1
3169,11
3170,10.6
3171,9.7
3172,9.3
3173,8.9
3174,9.3
3175,11.8
3176,13.9
3177,15.5
3178,16.3
3179,17.7
3180,19.1
3181,19.7
3182,19.6
3183,19.6
3184,16.2
3185,18.6
3186,19.4
3187,19.4
3188,18.3
3189,18.3
3190,17.7
3191,17.4
3192,16
3193,15.8
3194,15.8
3195,14.9
3196,14.1
3197,13.2
3198,13.2
3199,13.8
3200,14.8
3201,14.8
3202,13.8
3203,14.6
3204,14.4
3205,14.3
3206,14.5
3207,14.1
3208,13.4
3209,12.9
3210,13.7
3211,13.9
3212,13.7
3213,12.3
3214,11.6
3215,11.7
3216,10.9
3217,10.8
3218,10.9
3219,10.9
3220,10.8
3221,11
3222,11.2
3223,11.4
3224,11.5
3225,12.9
3226,14.1
3227,14.4
3228,15.1
3229,15.4
3230,16.1
3231,16.7
3232,16.5
3233,17
3234,16.5
3235,16.4
3236,15.6
3237,14.6
3238,14.1
3239,13.2
3240,12.4
3241,11.8
3242,11.3
3243,10.9
3244,10.7
3245,10.2
3246,10.4
3247,11.7
3248,12.6
3249,14.7
3250,16.6
3251,18.1
3252,19.5
3253,21
3254,21.6
3255,21.9
3256,23.5
3257,22
3258,21.4
3259,20.5
3260,19.3
3261,18.1
3262,17.2
3263,16.7
3264,16.5
3265,15.7
3266,15.4
3267,14.9
3268,15.2
3269,14.5
3270,14.6
3271,16
3272,17.6
3273,18.9
3274,20.1
3275,21.8
3276,23.3
3277,23.6
3278,24.7
3279,25.5
3280,24.9
3281,24.8
3282,22.4
3283,19.2
3284,23.4
3285,21.9
3286,21
3287,20
3288,19.3
3289,18.4
3290,17.9
3291,17.3
3292,16.9
3293,16
3294,16.2
3295,17.4
3296,18.9
3297,20.7
3298,22.1
3299,22.5
3300,22.6
3301,21.9
3302,21.3
3303,21.1
3304,24.7
3305,25.6
3306,24.6
3307,18.5
3308,17.4
3309,17
3310,15.7
3311,15.3
3312,15.1
3313,14.7
3314,14.6
3315,14.5
3316,14.6
3317,14.6
3318,14.6
3319,15.1
3320,15.2
3321,15.5
3322,16.2
3323,16.6
3324,16.6
3325,17.1
3326,17.5
3327,16.9
3328,16.5
3329,16.5
3330,16.6
3331,16.5
3332,16
3333,15.6
3334,15.1
3335,14.3
3336,14.2
3337,14.1
3338,13.6
3339,13.9
3340,14.2
3341,14.1
3342,14.4
3343,15.1
3344,15.4
3345,16.1
3346,17.6
3347,18
3348,19.5
3349,17.7
3350,16.9
3351,15.3
3352,15.5
3353,16
3354,16.1
3355,16.3
3356,15.7
3357,15.4
3358,15.2
3359,14.2
3360,13.7
3361,13.6
3362,13.3
3363,13
3364,12.9
3365,13.2
3366,13.2
3367,12.8
3368,12.6
3369,12.6
3370,13.2
3371,14.3
3372,14.7
3373,14.3
3374,13.1
3375,13.6
3376,14
3377,13.1
3378,13.2
3379,12.5
3380,11.4
3381,10.5
3382,10
3383,9.5
3384,8.9
3385,8.8
3386,8.7
3387,8.6
3388,7.9
3389,7.9
3390,7.8
3391,7.9
3392,7.9
3393,8.1
3394,8.4
3395,8.8
3396,8.9
3397,9.3
3398,9.6
3399,9.9
3400,9.9
3401,9.8
3402,10.3
3403,9.4
3404,9.3
3405,9
3406,8.8
3407,8.9
3408,9.1
3409,9.5
3410,9.8
3411,10.1
3412,9.8
3413,9.6
3414,8.7
3415,9.4
3416,10.6
3417,10.7
3418,11
3419,11
3420,11.7
3421,12
3422,12.2
3423,12.1
3424,11.9
3425,12.2
3426,12.1
3427,11.8
3428,11.3
3429,11.4
3430,11.5
3431,11.4
3432,11.1
3433,11
3434,10.6
3435,10.5
3436,11.2
3437,10.8
3438,10.6
3439,10.7
3440,10.8
3441,10.9
3442,11.2
3443,11.5
3444,11.9
3445,11.6
3446,11.8
3447,12.9
3448,12.4
3449,12.7
3450,12.6
3451,11.1
3452,11.4
3453,11.2
3454,11.1
3455,11
3456,10.9
3457,10.9
3458,10.8
3459,10.5
3460,10.6
3461,10.4
3462,10.6
3463,10.5
3464,11.4
3465,11.6
3466,11.6
3467,11.6
3468,12.2
3469,12.2
3470,12.6
3471,12.2
3472,12.7
3473,12.5
3474,12.5
3475,13
3476,12.9
3477,12.6
3478,12
3479,11.6
3480,11.5
3481,12
3482,12.2
3483,11.9
3484,11.5
3485,11.2
3486,11
3487,11.5
3488,11.9
3489,12.5
3490,14
3491,15.4
3492,16.4
3493,16.5
3494,14.4
3495,13.9
3496,12.7
3497,13.9
3498,14
3499,14.5
3500,14.3
3501,14.1
3502,13.7
3503,12.7
3504,12.2
3505,12.1
3506,11
3507,11.4
3508,11
3509,10.7
3510,10.6
3511,11.3
3512,12.1
3513,13.3
3514,14.7
3515,16.5
3516,17.7
3517,17.9
3518,18.2
3519,13.4
3520,13.2
3521,13.2
3522,14.2
3523,14
3524,13.7
3525,13.1
3526,12.6
3527,11.8
3528,12
3529,11.8
3530,11.4
3531,10.6
3532,10.5
3533,10.5
3534,10.8
3535,11
3536,13.1
3537,15.1
3538,17.3
3539,18.5
3540,19.2
3541,18.5
3542,17.5
3543,17.9
3544,18.1
3545,18
3546,17.5
3547,17.4
3548,16.9
3549,16.6
3550,15.7
3551,15
3552,14.1
3553,13.6
3554,13.1
3555,12.7
3556,12.3
3557,12
3558,12.1
3559,12.5
3560,14
3561,15.5
3562,16.3
3563,18.5
3564,19.9
3565,22.3
3566,18.3
3567,17.8
3568,17.9
3569,17.7
3570,17.5
3571,16.8
3572,16.8
3573,16.4
3574,15
3575,14.3
3576,13.7
3577,13.3
3578,12.8
3579,12.7
3580,13.3
3581,13.8
3582,13.5
3583,13.5
3584,13.7
3585,13.7
3586,13.9
3587,14.2
3588,14.4
3589,14.5
3590,15.2
3591,15.7
3592,16.9
3593,17.5
3594,17.3
3595,16.2
3596,15.8
3597,15.9
3598,15.9
3599,15.8
3600,15.9
3601,15.8
3602,15.2
3603,14.7
3604,14.6
3605,14.7
3606,14.7
3607,15.1
3608,15.6
3609,16.4
3610,17.3
3611,17.7
3612,18.3
3613,19.4
3614,20.8
3615,21.3
3616,21.3
3617,20.9
3618,20.6
3619,20.3
3620,17.1
3621,16.8
3622,16.6
3623,15.8
3624,15.7
3625,15
3626,14.6
3627,14.2
3628,13.7
3629,13.4
3630,13.6
3631,13.2
3632,13.7
3633,14
3634,15
3635,15.8
3636,14.8
3637,15.5
3638,15.6
3639,16
3640,15.2
3641,14.8
3642,14.7
3643,14.5
3644,14.4
3645,14.2
3646,14
3647,13.4
3648,12.9
3649,12.4
3650,12
3651,11.7
3652,11.4
3653,11.5
3654,10.5
3655,12.5
3656,14
3657,16.4
3658,17.1
3659,19.2
3660,19.9
3661,20.5
3662,20.5
3663,21.2
3664,21
3665,20.6
3666,20.1
3667,19.3
3668,18.3
3669,17.7
3670,15.2
3671,14.3
3672,13.6
3673,13.6
3674,12.4
3675,12.4
3676,12.9
3677,13.1
3678,13.2
3679,13.7
3680,13.8
3681,13.5
3682,13.7
3683,14.8
3684,15.4
3685,15.8
3686,16.3
3687,16.6
3688,17.3
3689,16.4
3690,16
3691,16
3692,15.9
3693,15
3694,14.6
3695,14.1
3696,13.6
3697,12.8
3698,12.1
3699,11.4
3700,10.7
3701,10.8
3702,10.9
3703,12.9
3704,14.7
3705,16.6
3706,18
3707,18.5
3708,18.9
3709,17.8
3710,17.3
3711,17.7
3712,18.2
3713,18.8
3714,21
3715,20.8
3716,18.7
3717,17.2
3718,16.2
3719,15.3
3720,15
3721,14.2
3722,13.7
3723,13.2
3724,12.6
3725,12.4
3726,12.7
3727,14.2
3728,16.4
3729,18.6
3730,19.7
3731,21.1
3732,21.7
3733,18.5
3734,18.9
3735,19.2
3736,18.5
3737,20.3
3738,19.6
3739,19.2
3740,18.3
3741,16.8
3742,16.7
3743,15.9
3744,15.1
3745,14.5
3746,14.2
3747,13.9
3748,13.6
3749,12.9
3750,13.6
3751,14.2
3752,15.1
3753,16.7
3754,17.4
3755,17.4
3756,17.1
3757,16.8
3758,16.9
3759,16.9
3760,16.9
3761,17.4
3762,17.2
3763,16.5
3764,15.6
3765,14.8
3766,14.1
3767,12.9
3768,13.2
3769,14.3
3770,13.9
3771,12.6
3772,12.6
3773,12.5
3774,12.8
3775,14
3776,14.8
3777,15.8
3778,16.8
3779,17.6
3780,18.2
3781,19
3782,20
3783,20.7
3784,20.4
3785,20.6
3786,20.6
3787,19.5
3788,19
3789,16.5
3790,15.2
3791,14.6
3792,14.7
3793,14.5
3794,14.2
3795,13.7
3796,13.6
3797,13.2
3798,13.2
3799,13
3800,13.7
3801,14.4
3802,14.5
3803,14.8
3804,15.3
3805,15.4
3806,15.9
3807,15.3
3808,15.6
3809,15.1
3810,15.1
3811,14.7
3812,14.7
3813,14.5
3814,14.4
3815,14.1
3816,13.5
3817,13.1
3818,13
3819,12.7
3820,11.6
3821,11.2
3822,12
3823,13.9
3824,16.1
3825,19.1
3826,21.5
3827,22.7
3828,23.7
3829,24.4
3830,25.6
3831,25.6
3832,26
3833,26
3834,25.8
3835,25.3
3836,24.3
3837,22.1
3838,19.7
3839,18.3
3840,17.2
3841,16.7
3842,16.4
3843,15.9
3844,15.6
3845,15.1
3846,15.5
3847,16.5
3848,18.9
3849,21.4
3850,22.5
3851,24.7
3852,26.6
3853,28.1
3854,28.4
3855,28.9
3856,28.6
3857,28.5
3858,28
3859,27
3860,26
3861,24.4
3862,23.2
3863,21.1
3864,20.4
3865,19.2
3866,18.7
3867,18.1
3868,17.7
3869,17.7
3870,17.8
3871,18.6
3872,20
3873,21.3
3874,22.3
3875,23.5
3876,24
3877,24.5
3878,24.8
3879,24.4
3880,24.9
3881,20.9
3882,20
3883,20.1
3884,20.5
3885,20.1
3886,19.9
3887,19.3
3888,18.6
3889,18
3890,17.8
3891,16.8
3892,17.7
3893,16.7
3894,15.3
3895,14.3
3896,14.1
3897,13.8
3898,13.8
3899,13.7
3900,13.6
3901,13.9
3902,14.3
3903,14.6
3904,15
3905,14.9
3906,14.7
3907,14.5
3908,14.4
3909,14.4
3910,14.1
3911,14
3912,13.8
3913,13.5
3914,13.4
3915,13.3
3916,13.2
3917,13.3
3918,13.4
3919,13.8
3920,14.1
3921,14.4
3922,15
3923,15
3924,15
3925,14.8
3926,14.8
3927,15.5
3928,14.7
3929,15
3930,15
3931,14.8
3932,14.7
3933,14.1
3934,13.8
3935,13.1
3936,13.2
3937,12.8
3938,12.1
3939,12.1
3940,12.5
3941,12.4
3942,12.6
3943,13.1
3944,13.6
3945,14
3946,14.1
3947,14
3948,14.1
3949,14.4
3950,14.6
3951,14.7
3952,14
3953,13.9
3954,13.8
3955,13.6
3956,13.2
3957,13.2
3958,13
3959,13
3960,13
3961,13
3962,12.7
3963,12.4
3964,12.4
3965,12.2
3966,13
3967,13.1
3968,13
3969,12.9
3970,12.6
3971,12.8
3972,13.1
3973,13.4
3974,13.7
3975,13.5
3976,13.7
3977,13.7
3978,13.6
3979,13.5
3980,13.7
3981,13.1
3982,12.7
3983,12.1
3984,12
3985,12
3986,10.9
3987,11.8
3988,10.6
3989,11.3
3990,12.1
3991,11.4
3992,11.1
3993,13
3994,14
3995,14.4
3996,14.8
3997,14.5
3998,14.4
3999,14.5
4000,14.8
4001,14.9
4002,15.1
4003,15.2
4004,14.3
4005,14.2
4006,13.7
4007,13.9
4008,13.8
4009,12.9
4010,12.8
4011,12.6
4012,13.7
4013,13.4
4014,13.2
4015,13.7
4016,13.3
4017,14.1
4018,14.5
4019,15.3
4020,15.7
4021,15.3
4022,14.9
4023,15.2
4024,15.7
4025,16
4026,16
4027,16.1
4028,15.5
4029,14.5
4030,13.8
4031,14
4032,13.5
4033,13.1
4034,12.6
4035,12.8
4036,12.9
4037,13
4038,12.8
4039,13.2
4040,13.6
4041,13.9
4042,14.5
4043,14.7
4044,14.9
4045,15.7
4046,15.7
4047,15.3
4048,16.2
4049,16.2
4050,16.6
4051,16.8
4052,16.8
4053,16.4
4054,15.9
4055,15.4
4056,15.1
4057,15.3
4058,15.2
4059,15.3
4060,15.4
4061,15.6
4062,15.7
4063,15.6
4064,15.4
4065,16
4066,16.5
4067,17.4
4068,18
4069,18.3
4070,18.4
4071,17.9
4072,17.3
4073,17.2
4074,16.5
4075,16.1
4076,15.5
4077,15
4078,14.5
4079,14
4080,13.6
4081,13.8
4082,13.5
4083,12.9
4084,12.9
4085,12.8
4086,13
4087,13.4
4088,14.9
4089,15.9
4090,14.9
4091,15.6
4092,15.5
4093,15.4
4094,15.3
4095,15.5
4096,15.5
4097,14.9
4098,14.9
4099,14.9
4100,14.1
4101,13.6
4102,13.1
4103,13.2
4104,13.7
4105,12.8
4106,12.7
4107,12.6
4108,12.6
4109,12.4
4110,12.2
4111,13.2
4112,13.6
4113,15.1
4114,15.1
4115,15.4
4116,14.8
4117,15
4118,14.8
4119,15.2
4120,15.5
4121,15.2
4122,15.5
4123,15
4124,14.5
4125,14.3
4126,14.2
4127,14
4128,13.2
4129,13.1
4130,12.9
4131,12.8
4132,12.1
4133,11.9
4134,12.2
4135,12.8
4136,13.6
4137,13.2
4138,14.2
4139,14.9
4140,15.1
4141,15.1
4142,14.8
4143,14.4
4144,14.6
4145,14.2
4146,14.1
4147,13.8
4148,13.8
4149,13.4
4150,13.3
4151,12.9
4152,12.6
4153,12.5
4154,11.9
4155,11.7
4156,11.4
4157,11.5
4158,12.6
4159,13.1
4160,14.1
4161,14.7
4162,15.4
4163,15.8
4164,15.4
4165,14.3
4166,13.5
4167,13.8
4168,13.1
4169,12.6
4170,12.6
4171,12.8
4172,12.5
4173,12.3
4174,11.9
4175,13.2
4176,14.8
4177,17.3
4178,19.2
4179,20.7
4180,20.6
4181,20.7
4182,20.5
4183,21
4184,22.1
4185,22.6
4186,23.4
4187,23.5
4188,23.9
4189,28.1
4190,24
4191,23.8
4192,25.2
4193,24.3
4194,26
4195,25.9
4196,27.8
4197,27.2
4198,24.8
4199,23.5
4200,23.3
4201,23
4202,21.9
4203,21.2
4204,21
4205,20.7
4206,21
4207,20.6
4208,17.6
4209,17
4210,16.4
4211,16.4
4212,16.5
4213,16.8
4214,18.5
4215,18.3
4216,17.7
4217,17
4218,17
4219,16.1
4220,16.5
4221,16.2
4222,15.7
4223,15.4
4224,15.3
4225,15.8
4226,16
4227,16
4228,15.7
4229,15.5
4230,15.9
4231,15.9
4232,15.8
4233,16.3
4234,16.3
4235,16.6
4236,16.5
4237,16.2
4238,15.9
4239,15.6
4240,16.3
4241,16.1
4242,15.9
4243,15.8
4244,15.5
4245,14.6
4246,14.1
4247,13.6
4248,13.3
4249,13.3
4250,13.2
4251,13.2
4252,13.5
4253,13.6
4254,13.2
4255,13.6
4256,14.3
4257,14.8
4258,15.1
4259,15
4260,15.6
4261,15.9
4262,16.1
4263,15.4
4264,15.5
4265,15.3
4266,15.6
4267,16.1
4268,15.9
4269,15.8
4270,15.9
4271,14.3
4272,13.8
4273,14
4274,14.1
4275,14.5
4276,16.3
4277,16.1
4278,16.3
4279,16.1
4280,16.1
4281,15.6
4282,15.7
4283,15.5
4284,15.3
4285,15.4
4286,15.5
4287,15.8
4288,15.4
4289,15.4
4290,16.1
4291,16
4292,15.3
4293,14.6
4294,14.1
4295,13.7
4296,13.7
4297,13.8
4298,13.9
4299,13.2
4300,12.7
4301,13.5
4302,13.6
4303,15.3
4304,15.7
4305,16.2
4306,17
4307,17.2
4308,18.2
4309,19.7
4310,20.3
4311,21.6
4312,21.4
4313,21.9
4314,22.5
4315,22.8
4316,20.3
4317,19.6
4318,19
4319,18.2
4320,17.4
4321,16.6
4322,15.8
4323,15.2
4324,14.9
4325,15.1
4326,15.9
4327,16.6
4328,17.5
4329,18.2
4330,19.6
4331,19.7
4332,20
4333,20
4334,19.7
4335,19.7
4336,19
4337,18.8
4338,18
4339,17.5
4340,17.6
4341,17.2
4342,17.1
4343,17
4344,16.8
4345,16.5
4346,16
4347,15.9
4348,15.8
4349,15.4
4350,14.9
4351,14.9
4352,15
4353,15.3
4354,16.1
4355,17.4
4356,18
4357,19.1
4358,20.2
4359,20
4360,19.8
4361,19.5
4362,19.3
4363,19.1
4364,18.7
4365,18
4366,17.1
4367,17.1
4368,16.7
4369,16.8
4370,16.8
4371,16.2
4372,16
4373,15.7
4374,15.9
4375,16.3
4376,17.2
4377,18.6
4378,19.5
4379,20.8
4380,19.8
4381,20.4
4382,21.7
4383,23.2
4384,23.7
4385,23.3
4386,22.8
4387,22.5
4388,21.9
4389,22.1
4390,21.7
4391,21.4
4392,20.9
4393,20.3
4394,20.1
4395,19.5
4396,19.2
4397,19.1
4398,19.3
4399,19.5
4400,20.1
4401,20.5
4402,21.2
4403,21.5
4404,21.4
4405,22.4
4406,22.5
4407,22.6
4408,22.9
4409,23.2
4410,23
4411,22.6
4412,22
4413,21.4
4414,20.9
4415,19.3
4416,17.6
4417,15.5
4418,14
4419,12.9
4420,13.1
4421,13.4
4422,13.9
4423,14.4
4424,14.1
4425,15.4
4426,15.7
4427,17.8
4428,18.1
4429,14.5
4430,16.6
4431,16.9
4432,16.6
4433,16.1
4434,14.4
4435,14.9
4436,14.9
4437,14.3
4438,14.3
4439,14.6
4440,14.5
4441,14.5
4442,14.6
4443,14.3
4444,14.6
4445,14.3
4446,14.4
4447,14.6
4448,15.5
4449,16.5
4450,17
4451,18.2
4452,19.1
4453,17.5
4454,17.4
4455,17.3
4456,17.5
4457,17.6
4458,17.6
4459,17.6
4460,17
4461,16.1
4462,15.7
4463,15.5
4464,15.1
4465,15.2
4466,14.6
4467,13.5
4468,13.8
4469,13.8
4470,13.4
4471,13.2
4472,13.8
4473,15.7
4474,17.4
4475,17
4476,15.2
4477,17.2
4478,15.9
4479,16.1
4480,15.3
4481,15.4
4482,15.2
4483,15.6
4484,15.1
4485,15.1
4486,15.3
4487,15.2
4488,15.2
4489,15.2
4490,15.3
4491,15.2
4492,15.2
4493,14.8
4494,14.9
4495,14.8
4496,15.4
4497,15.1
4498,15.5
4499,17
4500,16.5
4501,17.7
4502,16.8
4503,16.5
4504,18.2
4505,16.9
4506,16.9
4507,16.6
4508,16.1
4509,15.3
4510,15.1
4511,14.6
4512,14.3
4513,13.9
4514,13.8
4515,13.4
4516,13.5
4517,13.7
4518,14
4519,15.1
4520,16.3
4521,17.2
4522,18.5
4523,19
4524,19.9
4525,19.8
4526,18.6
4527,17.6
4528,17.2
4529,16.8
4530,16.7
4531,16.6
4532,16.2
4533,16
4534,15.4
4535,14.9
4536,14.6
4537,13.9
4538,14.3
4539,14.3
4540,13.7
4541,13.5
4542,14.5
4543,14.9
4544,15.7
4545,15.7
4546,15
4547,15.5
4548,16.2
4549,16.4
4550,17
4551,16.8
4552,17.1
4553,16.7
4554,17.6
4555,16.9
4556,16.2
4557,15.8
4558,15.6
4559,14.4
4560,13.5
4561,13.2
4562,12.8
4563,12.8
4564,13
4565,12.6
4566,12.6
4567,13.4
4568,14.5
4569,16.5
4570,18.1
4571,19.2
4572,16.1
4573,14.2
4574,16
4575,17.5
4576,17.1
4577,16.3
4578,16.7
4579,16.7
4580,16.7
4581,15.4
4582,15.2
4583,14.7
4584,13.7
4585,14.3
4586,12.6
4587,12.7
4588,13.8
4589,14
4590,14.2
4591,14.1
4592,14.1
4593,13.8
4594,14.3
4595,14.9
4596,14.8
4597,14.9
4598,15.4
4599,15.9
4600,16
4601,16.2
4602,16.1
4603,14.8
4604,15
4605,14.5
4606,14.8
4607,14.8
4608,14.1
4609,14.2
4610,14.3
4611,14.3
4612,14.2
4613,14.5
4614,14.6
4615,14.8
4616,14.6
4617,14.7
4618,15.7
4619,15.4
4620,16.7
4621,17.4
4622,18.6
4623,17.9
4624,17.4
4625,17.3
4626,17.5
4627,17.5
4628,17.7
4629,17.1
4630,17
4631,16.5
4632,15.9
4633,15.1
4634,15.1
4635,15.3
4636,15.5
4637,15.6
4638,16.3
4639,16.8
4640,17.6
4641,17.8
4642,18.5
4643,18.4
4644,18.4
4645,19.9
4646,20.9
4647,21
4648,18.6
4649,19.4
4650,19.7
4651,20
4652,19.4
4653,19.1
4654,18.6
4655,18.4
4656,17.8
4657,18.4
4658,18.3
4659,18
4660,17.7
4661,18.1
4662,18.9
4663,20.8
4664,22.2
4665,23.6
4666,25.1
4667,26.8
4668,28.1
4669,26
4670,25.4
4671,25.9
4672,24.9
4673,23.8
4674,23.7
4675,22.9
4676,19.9
4677,19.2
4678,18.3
4679,18.1
4680,18
4681,17.2
4682,16.2
4683,15.9
4684,15.5
4685,15.7
4686,18
4687,18.3
4688,20.1
4689,20.6
4690,21.3
4691,22.7
4692,24.8
4693,26
4694,26.4
4695,26.5
4696,24.5
4697,24.4
4698,26
4699,25.4
4700,24.8
4701,23.8
4702,22.4
4703,21
4704,19.9
4705,19.4
4706,18.8
4707,18.4
4708,18.1
4709,18
4710,19
4711,21.6
4712,22.2
4713,24.7
4714,28.2
4715,29.1
4716,29
4717,27.7
4718,28.4
4719,22.1
4720,23.9
4721,22
4722,21.9
4723,24
4724,23.2
4725,23.1
4726,22.4
4727,20.8
4728,18.9
4729,16.7
4730,14.8
4731,13.4
4732,13.1
4733,13.1
4734,12.7
4735,12.7
4736,13.6
4737,15
4738,16.2
4739,17.5
4740,18.6
4741,19.4
4742,20
4743,20.7
4744,20.7
4745,20.7
4746,20.5
4747,18.5
4748,17.6
4749,16.3
4750,16.4
4751,16.4
4752,16.7
4753,15.8
4754,14.9
4755,13.9
4756,13.6
4757,13.6
4758,13.7
4759,13.3
4760,14.1
4761,15.4
4762,15.5
4763,16
4764,17.3
4765,13.6
4766,15.8
4767,15.1
4768,14.9
4769,16.2
4770,15.4
4771,15.6
4772,14.9
4773,15.8
4774,14.1
4775,13.6
4776,13.9
4777,14.2
4778,13.8
4779,13.9
4780,13.8
4781,13.6
4782,13.8
4783,14
4784,15.4
4785,16.6
4786,17.2
4787,17.6
4788,18
4789,18.9
4790,19.2
4791,19.5
4792,19.5
4793,18.3
4794,17.5
4795,17.3
4796,17.2
4797,16.7
4798,16
4799,15.7
4800,14.7
4801,14.4
4802,13.9
4803,13.9
4804,13.8
4805,13.3
4806,14
4807,15.3
4808,17.9
4809,19.9
4810,22
4811,23.5
4812,25
4813,26.7
4814,27.8
4815,28.8
4816,29.3
4817,30.3
4818,30.3
4819,30
4820,29.5
4821,28.1
4822,25.9
4823,24.9
4824,24
4825,23.7
4826,23.6
4827,23.8
4828,23.9
4829,23
4830,22.5
4831,23.2
4832,25.2
4833,26.9
4834,26.3
4835,24.7
4836,25
4837,25.6
4838,25.5
4839,25.4
4840,24.7
4841,23.1
4842,22.5
4843,18.7
4844,19
4845,18.3
4846,18.2
4847,18.5
4848,17.8
4849,16.9
4850,16.1
4851,15.2
4852,15
4853,14.7
4854,14.9
4855,15.4
4856,16.6
4857,17.9
4858,18.5
4859,19.6
4860,20.4
4861,20.8
4862,21.1
4863,21.4
4864,21.8
4865,22.6
4866,22.3
4867,20.6
4868,20.2
4869,19.8
4870,17.4
4871,17.2
4872,16.8
4873,16.7
4874,16.4
4875,16.5
4876,16.2
4877,15.4
4878,15.9
4879,17.2
4880,19.4
4881,20.2
4882,21.2
4883,22
4884,24.1
4885,21.9
4886,22.8
4887,20.5
4888,19.3
4889,19.7
4890,20.9
4891,20
4892,19.5
4893,18.7
4894,18.8
4895,18.6
4896,18.6
4897,18.4
4898,17.9
4899,17.4
4900,16.1
4901,15.7
4902,14.9
4903,15.5
4904,16.6
4905,16.6
4906,17.2
4907,16.2
4908,17.5
4909,16.3
4910,16.3
4911,16.7
4912,16.7
4913,16.7
4914,16.7
4915,16.5
4916,16.2
4917,16
4918,15.9
4919,15.9
4920,14.7
4921,15.1
4922,14.3
4923,14.6
4924,13.9
4925,13.7
4926,14.1
4927,14.5
4928,15.3
4929,16.2
4930,17.1
4931,17.3
4932,18
4933,17
4934,16.8
4935,17
4936,17.1
4937,17.3
4938,17.3
4939,17
4940,16.5
4941,16
4942,15.6
4943,14.4
4944,14.3
4945,14
4946,14
4947,12.5
4948,12.8
4949,11.7
4950,12
4951,12.8
4952,13.6
4953,15
4954,16
4955,17.5
4956,18.3
4957,18.3
4958,20.1
4959,19.3
4960,19.8
4961,20.7
4962,21.2
4963,21
4964,20.1
4965,19.3
4966,18.4
4967,17.4
4968,16.6
4969,15.6
4970,14.6
4971,13.7
4972,13.1
4973,13.4
4974,12.9
4975,13.9
4976,14.7
4977,15.9
4978,17.5
4979,18.8
4980,19.1
4981,19.9
4982,20.4
4983,20.1
4984,20
4985,20.3
4986,20.1
4987,20
4988,19.7
4989,19.2
4990,18.5
4991,17.9
4992,17.5
4993,17.3
4994,17.5
4995,17.5
4996,17.4
4997,17.2
4998,17.2
4999,17.7
5000,18.6
5001,19.4
5002,21
5003,21.3
5004,23
5005,26.1
5006,23.1
5007,22.5
5008,22.5
5009,21.6
5010,23.3
5011,24
5012,22.5
5013,21.2
5014,20.8
5015,20.2
5016,20.2
5017,20.4
5018,20.3
5019,20.2
5020,19.9
5021,19.8
5022,19.8
5023,21.3
5024,21.5
5025,21.8
5026,22
5027,22.9
5028,24.2
5029,25
5030,26.1
5031,25.6
5032,21.8
5033,20.9
5034,21.1
5035,21.3
5036,21.1
5037,20.1
5038,19.5
5039,19.6
5040,19.4
5041,19.3
5042,19
5043,18.3
5044,18.2
5045,18.1
5046,18.1
5047,18.1
5048,18.1
5049,18.5
5050,17.6
5051,18.1
5052,18
5053,19.3
5054,21
5055,22
5056,20.7
5057,20.6
5058,18.2
5059,19.8
5060,18.8
5061,18
5062,17.2
5063,16.5
5064,16.1
5065,15.4
5066,15
5067,15
5068,14.4
5069,14.3
5070,15.2
5071,15.6
5072,16.6
5073,17.5
5074,18.4
5075,19.1
5076,18.1
5077,17.4
5078,17.5
5079,16.7
5080,15.3
5081,15.3
5082,15.3
5083,15.1
5084,15.1
5085,15.2
5086,14.8
5087,14.7
5088,14.7
5089,14.8
5090,14.4
5091,14.2
5092,14.1
5093,14.5
5094,14.7
5095,14.6
5096,14.9
5097,15.4
5098,15.8
5099,15.7
5100,16.5
5101,16.6
5102,16.8
5103,16.6
5104,17.2
5105,16.8
5106,16.4
5107,16.1
5108,16.1
5109,15.6
5110,15.5
5111,15.4
5112,15.2
5113,15.2
5114,15.1
5115,15.1
5116,14.6
5117,14.5
5118,14.6
5119,14.5
5120,14.9
5121,14.7
5122,14.6
5123,15
5124,16.2
5125,16
5126,16
5127,16.8
5128,16.8
5129,16.8
5130,16.8
5131,16.9
5132,16.5
5133,15.9
5134,15.5
5135,15.1
5136,14.8
5137,14.1
5138,13.4
5139,13.3
5140,13
5141,12.4
5142,11.7
5143,12.2
5144,14.7
5145,16.5
5146,18
5147,18.7
5148,19
5149,20
5150,20.3
5151,19.9
5152,16.6
5153,16.7
5154,16.3
5155,16.5
5156,16.7
5157,15.8
5158,14.7
5159,14.8
5160,14.5
5161,14.4
5162,14.4
5163,14.1
5164,13.7
5165,13.6
5166,14.2
5167,15
5168,16
5169,17.2
5170,15
5171,17.4
5172,15.6
5173,17.4
5174,17.4
5175,18.1
5176,17.4
5177,17.8
5178,18
5179,17.3
5180,16.3
5181,15.2
5182,14.7
5183,14.4
5184,14.7
5185,14.5
5186,14.7
5187,13.4
5188,12.8
5189,12.6
5190,13.1
5191,14.1
5192,14.4
5193,14
5194,14.7
5195,15.3
5196,16.1
5197,17.4
5198,19.2
5199,18.6
5200,15.9
5201,16
5202,15.2
5203,15.2
5204,15.3
5205,15.5
5206,15.7
5207,16.5
5208,17.3
5209,18.3
5210,18.8
5211,19
5212,18.8
5213,18.8
5214,18.4
5215,18.8
5216,19.8
5217,22.5
5218,25.1
5219,26.5
5220,24.1
5221,24.3
5222,25.4
5223,24.8
5224,24.9
5225,23.2
5226,22.5
5227,20.7
5228,19.5
5229,18.8
5230,18.7
5231,18.1
5232,18
5233,17.7
5234,17.7
5235,17.5
5236,17.4
5237,17.4
5238,17.6
5239,17.5
5240,17.6
5241,18.1
5242,18.1
5243,18.3
5244,18.5
5245,18.5
5246,18
5247,18.9
5248,18.8
5249,17.6
5250,17.8
5251,17.7
5252,17.3
5253,17.1
5254,16.8
5255,16.6
5256,16.1
5257,16.1
5258,16.3
5259,16.1
5260,15.6
5261,14.7
5262,13.2
5263,14.4
5264,16
5265,17.4
5266,18.9
5267,20.3
5268,20.5
5269,21
5270,21.2
5271,21
5272,20.6
5273,20.6
5274,20.3
5275,19.7
5276,19
5277,18.7
5278,18
5279,16.8
5280,16.1
5281,15.5
5282,14.8
5283,14.4
5284,14.2
5285,13.7
5286,13.6
5287,15.2
5288,16.5
5289,18.5
5290,18.6
5291,19.6
5292,20.3
5293,21.5
5294,21.7
5295,22
5296,22.1
5297,22.7
5298,21.6
5299,20.4
5300,19.2
5301,17.9
5302,17.2
5303,16.5
5304,15.9
5305,14.7
5306,14.1
5307,13.9
5308,14
5309,13.5
5310,13.4
5311,13.8
5312,15.6
5313,17.1
5314,18.3
5315,18.7
5316,18.5
5317,18.5
5318,19.8
5319,21.1
5320,20.9
5321,21.2
5322,21.1
5323,20.3
5324,19.5
5325,18.4
5326,18
5327,17.6
5328,16.6
5329,15.5
5330,15.2
5331,15
5332,14.5
5333,14.1
5334,14
5335,15
5336,17.4
5337,20.4
5338,23.1
5339,23.9
5340,24.8
5341,26.5
5342,27.3
5343,28.3
5344,27.8
5345,28.3
5346,28
5347,27.4
5348,24.7
5349,22.5
5350,21.5
5351,21.3
5352,20.1
5353,19.5
5354,18.8
5355,18.5
5356,17.9
5357,17.6
5358,17
5359,18.6
5360,20.5
5361,23.6
5362,26.1
5363,27.9
5364,29.6
5365,30
5366,31.3
5367,31.5
5368,31.1
5369,31.2
5370,30.2
5371,29.9
5372,28.5
5373,26
5374,25.4
5375,22.8
5376,21.6
5377,21.1
5378,20.2
5379,20
5380,18.9
5381,17.9
5382,17.4
5383,18.1
5384,18.7
5385,21
5386,22.7
5387,22.7
5388,23.4
5389,22.6
5390,21.7
5391,20.9
5392,20.8
5393,20.5
5394,20.2
5395,20.3
5396,19.9
5397,19.6
5398,18.9
5399,19.1
5400,18.8
5401,18.9
5402,19.2
5403,18.1
5404,17.2
5405,16.8
5406,16.6
5407,16
5408,16.4
5409,18
5410,19.3
5411,19.4
5412,19.3
5413,19.4
5414,19.7
5415,19.1
5416,19.4
5417,19.2
5418,19.3
5419,19
5420,19.2
5421,18.5
5422,17.6
5423,16.4
5424,16.3
5425,16.2
5426,16
5427,16.1
5428,15.9
5429,16.3
5430,16.7
5431,16.6
5432,16.7
5433,18.4
5434,18.9
5435,19.7
5436,19.6
5437,20.2
5438,19.6
5439,19.5
5440,19.7
5441,19.8
5442,19.8
5443,19.3
5444,18.9
5445,18.4
5446,18.1
5447,18.1
5448,18.6
5449,18.3
5450,18.3
5451,18.3
5452,18.2
5453,18.3
5454,18.3
5455,18.7
5456,19.2
5457,19.3
5458,19.5
5459,20.1
5460,20.1
5461,20.4
5462,20.1
5463,20.3
5464,20.4
5465,20.3
5466,19.9
5467,19.4
5468,19.2
5469,19.1
5470,19
5471,18.6
5472,18.4
5473,18.3
5474,17.9
5475,17
5476,17
5477,17.4
5478,16.8
5479,17.3
5480,16.8
5481,17.9
5482,19.9
5483,21.8
5484,22.3
5485,22.8
5486,22.9
5487,21.5
5488,21.6
5489,22.1
5490,23.1
5491,22.7
5492,21.3
5493,20.4
5494,19.3
5495,18.9
5496,18.9
5497,18.5
5498,18
5499,17.6
5500,17.2
5501,16.6
5502,16.2
5503,17.6
5504,19
5505,20.9
5506,22.6
5507,24.7
5508,26.4
5509,27.4
5510,26
5511,26.2
5512,26.3
5513,26.6
5514,25.8
5515,25.3
5516,24.2
5517,22.8
5518,22
5519,21.5
5520,20.7
5521,20
5522,19.4
5523,18.6
5524,18.4
5525,18.2
5526,17.7
5527,18.7
5528,20.4
5529,23.1
5530,24.6
5531,23.9
5532,25.8
5533,28.4
5534,26.4
5535,26.4
5536,25.7
5537,27.5
5538,26.1
5539,25.6
5540,24.3
5541,23.3
5542,22.5
5543,21
5544,19.5
5545,18
5546,16.8
5547,16
5548,16
5549,16.1
5550,16.1
5551,16.3
5552,16.6
5553,17.5
5554,18.7
5555,19.8
5556,20.2
5557,20.5
5558,21
5559,19.8
5560,19.7
5561,19.6
5562,19.5
5563,19.5
5564,19
5565,17.9
5566,17.4
5567,17
5568,16.4
5569,16.3
5570,16.2
5571,14.7
5572,14.1
5573,13.7
5574,13.4
5575,13.9
5576,15.1
5577,15.7
5578,17.7
5579,19.1
5580,21
5581,21.4
5582,21.2
5583,21.4
5584,21.6
5585,21.9
5586,21.8
5587,21.4
5588,19.7
5589,19
5590,18.4
5591,18
5592,17.7
5593,16.2
5594,15.7
5595,16
5596,15.6
5597,15.1
5598,15.2
5599,15.7
5600,16.4
5601,17.5
5602,18.6
5603,18.7
5604,19.9
5605,19.3
5606,20.3
5607,21.9
5608,22
5609,21.2
5610,20.6
5611,20.2
5612,19.5
5613,18.8
5614,18.4
5615,18.3
5616,18.4
5617,18.2
5618,17.7
5619,17.7
5620,17.4
5621,17.4
5622,17.4
5623,17.7
5624,18.5
5625,18.7
5626,18.7
5627,18.9
5628,19.1
5629,19.3
5630,19.5
5631,19.8
5632,19.4
5633,19.1
5634,19.1
5635,19.1
5636,18.9
5637,18.8
5638,19
5639,19
5640,18.8
5641,18.1
5642,18.6
5643,18.3
5644,17.7
5645,18.2
5646,17.8
5647,18.3
5648,18.7
5649,18.7
5650,19
5651,19
5652,18.6
5653,19.1
5654,18.9
5655,19
5656,19.3
5657,18.6
5658,19
5659,19.1
5660,19
5661,18.8
5662,18.8
5663,18.7
5664,18.3
5665,17.8
5666,17.3
5667,17.2
5668,17
5669,16.7
5670,16
5671,16.4
5672,17.2
5673,18.4
5674,18.8
5675,19.3
5676,19.6
5677,19.6
5678,19.8
5679,20.3
5680,20.6
5681,20.9
5682,21.6
5683,20.7
5684,19.6
5685,18.9
5686,18.8
5687,18.4
5688,18.1
5689,17.8
5690,18
5691,18.2
5692,18.5
5693,18.2
5694,17.8
5695,18.1
5696,18.3
5697,18.6
5698,17.6
5699,18.6
5700,18.6
5701,18.3
5702,18.8
5703,18.6
5704,18.8
5705,18.6
5706,18.6
5707,18.2
5708,17.8
5709,17.1
5710,18
5711,18
5712,17.7
5713,17.8
5714,17.8
5715,17.9
5716,16.4
5717,17.5
5718,16.5
5719,17
5720,16
5721,17.1
5722,17.5
5723,17.3
5724,17.2
5725,16.9
5726,17.2
5727,17.2
5728,17.1
5729,16.7
5730,17.1
5731,16.6
5732,16
5733,16
5734,15.5
5735,15.8
5736,15.7
5737,15.5
5738,15.4
5739,15.5
5740,15.5
5741,15.1
5742,15.1
5743,14.7
5744,14.8
5745,15.1
5746,15.3
5747,16.1
5748,17.2
5749,16.8
5750,16.2
5751,16.8
5752,16.9
5753,17.3
5754,17.2
5755,16.9
5756,16.5
5757,16
5758,15.6
5759,15.3
5760,14.9
5761,14.4
5762,14.4
5763,14
5764,14
5765,13.9
5766,14.3
5767,14
5768,14
5769,13.7
5770,13.8
5771,14
5772,14.3
5773,14.3
5774,14.4
5775,14.4
5776,14.5
5777,14.6
5778,14.6
5779,14.8
5780,14.6
5781,15.1
5782,15.1
5783,15.3
5784,15.2
5785,14.5
5786,14.9
5787,15.7
5788,14.4
5789,14.3
5790,13.9
5791,13.6
5792,14.6
5793,16.6
5794,16.9
5795,17.5
5796,17.4
5797,17.1
5798,16.8
5799,16.5
5800,16.5
5801,16.3
5802,16.4
5803,16.2
5804,15.8
5805,15.2
5806,14.7
5807,14.5
5808,14
5809,14
5810,13.6
5811,12.5
5812,12.2
5813,12.8
5814,12.8
5815,13.5
5816,13.7
5817,15.6
5818,14.7
5819,16.7
5820,16.8
5821,16.5
5822,16
5823,16.1
5824,16.9
5825,16.9
5826,15.7
5827,15.2
5828,14.5
5829,14.1
5830,13.7
5831,14
5832,14.8
5833,15.8
5834,16.6
5835,17.1
5836,17
5837,16.9
5838,16.7
5839,17.1
5840,18.2
5841,21.2
5842,22.8
5843,23.4
5844,23.8
5845,24.4
5846,21.5
5847,21.1
5848,21.6
5849,21.3
5850,21.1
5851,20.4
5852,19.8
5853,19.3
5854,18.9
5855,18.5
5856,18.5
5857,18.3
5858,18.4
5859,18.5
5860,18.1
5861,18.7
5862,17.7
5863,17.6
5864,17.6
5865,17.8
5866,18.1
5867,17.6
5868,17.8
5869,18.1
5870,18.3
5871,18.2
5872,18.6
5873,18.1
5874,18.1
5875,18.1
5876,17.7
5877,17.6
5878,17.6
5879,17.5
5880,17.4
5881,17.1
5882,16.8
5883,16
5884,15.7
5885,15.7
5886,15.9
5887,16.1
5888,16.9
5889,17.6
5890,18.1
5891,19.3
5892,20.5
5893,21.1
5894,22
5895,20.6
5896,21.5
5897,21.9
5898,21.6
5899,20.9
5900,19.7
5901,18.5
5902,18.1
5903,17.9
5904,17.8
5905,17.8
5906,17.5
5907,17
5908,16.2
5909,16.3
5910,16.6
5911,16.4
5912,16.6
5913,17.7
5914,18.4
5915,19.4
5916,19.7
5917,21.5
5918,22.1
5919,20.3
5920,20.6
5921,20.7
5922,19.7
5923,20
5924,19.2
5925,19.2
5926,18.9
5927,19.2
5928,18.6
5929,18.5
5930,17.9
5931,17.7
5932,17.5
5933,16.8
5934,16.4
5935,16.2
5936,17.2
5937,18
5938,18.8
5939,19.4
5940,20.2
5941,20.6
5942,20
5943,20.3
5944,20
5945,19.8
5946,19.3
5947,19.2
5948,18.7
5949,18.2
5950,17.5
5951,17.1
5952,16.9
5953,16.3
5954,16.2
5955,15.9
5956,15.4
5957,15.1
5958,14.6
5959,14.6
5960,15.2
5961,16.3
5962,17.4
5963,17.6
5964,19.3
5965,19.1
5966,16.9
5967,18.8
5968,19.6
5969,18.1
5970,17.7
5971,17
5972,16.4
5973,16.1
5974,15.8
5975,15.8
5976,15.5
5977,15.4
5978,15.1
5979,14.4
5980,14.4
5981,14
5982,14.2
5983,14.6
5984,15
5985,15
5986,15.9
5987,17
5988,18.4
5989,18
5990,18.3
5991,18.1
5992,17.8
5993,17.7
5994,16.8
5995,16.1
5996,16.3
5997,16.1
5998,15.5
5999,15.3
6000,15.1
6001,15.2
6002,15.4
6003,15.5
6004,15.6
6005,16
6006,16.3
6007,16.8
6008,16.6
6009,16.9
6010,17.1
6011,16.9
6012,16.8
6013,16.8
6014,17.2
6015,16
6016,16
6017,16.8
6018,17
6019,16.9
6020,16.6
6021,16.3
6022,16.4
6023,16.3
6024,15.7
6025,14.9
6026,14.9
6027,15
6028,15.1
6029,15
6030,16.9
6031,16.8
6032,15.6
6033,16.8
6034,16.6
6035,17.1
6036,17
6037,16.4
6038,15.9
6039,15.7
6040,14
6041,14
6042,14.9
6043,14.5
6044,13.6
6045,14.3
6046,14.8
6047,14.6
6048,14.7
6049,14.3
6050,14.3
6051,14.7
6052,14.9
6053,15.2
6054,14
6055,13.8
6056,15.1
6057,15.3
6058,15.5
6059,15.4
6060,15.4
6061,15.8
6062,15.6
6063,15.8
6064,15.7
6065,15.1
6066,14.7
6067,14.6
6068,15.3
6069,14.5
6070,14.2
6071,13.9
6072,13.5
6073,13.4
6074,12.7
6075,12.2
6076,12
6077,11.8
6078,12.1
6079,10.7
6080,10.8
6081,12.8
6082,13.9
6083,15.7
6084,17.2
6085,17
6086,18.5
6087,18.4
6088,18.3
6089,18.2
6090,17.6
6091,16.5
6092,15.7
6093,15.6
6094,15.6
6095,15.4
6096,15
6097,14.5
6098,14.8
6099,14.1
6100,14.2
6101,14.3
6102,14.8
6103,14.7
6104,14.8
6105,15.9
6106,16.5
6107,17.5
6108,18.1
6109,18
6110,17.7
6111,18
6112,18
6113,18.1
6114,17.6
6115,16.8
6116,16.5
6117,16.2
6118,16.6
6119,14.9
6120,14.5
6121,14.1
6122,13.9
6123,13.8
6124,12.8
6125,12.9
6126,12.4
6127,12.2
6128,12.1
6129,13.1
6130,14.3
6131,15
6132,15.5
6133,15.5
6134,16.2
6135,15.9
6136,15
6137,12.3
6138,12.4
6139,11.5
6140,11.5
6141,11.7
6142,11.7
6143,10.9
6144,11.3
6145,10.2
6146,10.1
6147,10
6148,10.6
6149,9.9
6150,9.6
6151,10.4
6152,10.2
6153,11.8
6154,13
6155,14.5
6156,14.8
6157,14.6
6158,13
6159,13
6160,13
6161,12.8
6162,12.4
6163,12.1
6164,12.7
6165,11.7
6166,12.6
6167,12.5
6168,12.5
6169,12.3
6170,11.6
6171,12
6172,10.9
6173,10.8
6174,10.4
6175,10.3
6176,10.9
6177,12.5
6178,13.2
6179,14.4
6180,16.3
6181,16.9
6182,17.2
6183,17
6184,16.8
6185,16.9
6186,15.7
6187,15.2
6188,14.1
6189,13.6
6190,13.2
6191,12.9
6192,12.4
6193,12
6194,12.4
6195,11.8
6196,11.5
6197,10.8
6198,11.1
6199,11.7
6200,11.8
6201,13.6
6202,15.4
6203,16.7
6204,18.1
6205,19.5
6206,19.5
6207,20.4
6208,20.4
6209,20.5
6210,18.7
6211,17.9
6212,16.7
6213,15.2
6214,15.4
6215,15
6216,14.8
6217,14.4
6218,14.7
6219,15.4
6220,13.9
6221,14.1
6222,14.4
6223,14.3
6224,14.5
6225,14.8
6226,15.4
6227,16.1
6228,16.8
6229,16.2
6230,16.2
6231,16.2
6232,16.1
6233,16.3
6234,15.9
6235,15.2
6236,13.9
6237,14
6238,13.4
6239,13.1
6240,12.2
6241,12.7
6242,11.2
6243,10.4
6244,9.2
6245,9.3
6246,9.3
6247,8.7
6248,10
6249,10.8
6250,12.4
6251,14
6252,15.2
6253,15.6
6254,15
6255,15
6256,15.3
6257,15.2
6258,15
6259,14.4
6260,14
6261,13.8
6262,13.7
6263,13.4
6264,13
6265,13
6266,12.9
6267,12.7
6268,10.8
6269,10.1
6270,9.6
6271,9.4
6272,9.9
6273,11.8
6274,13.6
6275,14.1
6276,13.4
6277,13.6
6278,13.9
6279,13.4
6280,13.6
6281,13.6
6282,13.5
6283,12.8
6284,12.2
6285,12.2
6286,12.2
6287,11.5
6288,11
6289,10.2
6290,10.2
6291,10.4
6292,10.2
6293,10
6294,9.7
6295,9.7
6296,10.3
6297,11.3
6298,12.4
6299,13.4
6300,14.1
6301,14.2
6302,14.6
6303,14.4
6304,14.1
6305,13.6
6306,13.3
6307,12.7
6308,12.1
6309,11.5
6310,10.9
6311,11.3
6312,11.9
6313,12.9
6314,13.7
6315,14.4
6316,14.2
6317,14.4
6318,14.1
6319,14
6320,13.8
6321,14.7
6322,15.4
6323,16.2
6324,16.2
6325,15.8
6326,17
6327,17.4
6328,17
6329,17.2
6330,17.3
6331,16.6
6332,16.1
6333,15.5
6334,15.3
6335,14.2
6336,14
6337,13.2
6338,13
6339,13.7
6340,13.5
6341,13.7
6342,13.8
6343,13.6
6344,13.8
6345,14.1
6346,15
6347,16.1
6348,17.2
6349,16.3
6350,16.2
6351,17.4
6352,16.7
6353,17.2
6354,16.4
6355,17.1
6356,15.8
6357,15.1
6358,14.4
6359,14.6
6360,14.4
6361,14.4
6362,13.7
6363,13.4
6364,13.2
6365,12.7
6366,11.8
6367,11.6
6368,13.5
6369,14.6
6370,16.5
6371,18.4
6372,19.7
6373,20.7
6374,20.7
6375,21.1
6376,21.6
6377,21.1
6378,20.8
6379,19.4
6380,18.5
6381,17.3
6382,17
6383,16.3
6384,16.5
6385,17
6386,17
6387,16.3
6388,16.2
6389,16.1
6390,15.8
6391,15.6
6392,15.4
6393,17
6394,17.9
6395,19
6396,19.9
6397,20.2
6398,21
6399,21
6400,19.8
6401,17.8
6402,13.8
6403,13.8
6404,13.6
6405,13.7
6406,12.7
6407,12
6408,11.7
6409,11.2
6410,11.6
6411,11.8
6412,11.8
6413,11.8
6414,11.8
6415,10.7
6416,11.2
6417,11.6
6418,12.7
6419,13.7
6420,14
6421,14.4
6422,14.5
6423,14.7
6424,15.2
6425,14.3
6426,13.1
6427,12.2
6428,11.2
6429,10.6
6430,10.3
6431,10.5
6432,10.9
6433,10.1
6434,10.8
6435,10.4
6436,10.6
6437,10.9
6438,11
6439,10.6
6440,10.3
6441,11.3
6442,13.1
6443,14.2
6444,14.5
6445,14.2
6446,14.5
6447,14.6
6448,15
6449,13.9
6450,12.8
6451,11.9
6452,11.2
6453,11
6454,10.8
6455,10.2
6456,10.1
6457,10
6458,9.4
6459,9.5
6460,8.9
6461,9.5
6462,9
6463,9.3
6464,10.1
6465,11.5
6466,13.1
6467,13.5
6468,13.9
6469,15.2
6470,15.2
6471,15.6
6472,15.5
6473,14.9
6474,13.9
6475,13.5
6476,13.1
6477,12.7
6478,12.7
6479,12.7
6480,13.2
6481,13.3
6482,13.1
6483,13.3
6484,13.4
6485,13.6
6486,13.6
6487,14.1
6488,13.9
6489,13.9
6490,13.7
6491,13.6
6492,13.5
6493,13.8
6494,13.8
6495,13.6
6496,13.1
6497,13.1
6498,13.2
6499,13.5
6500,13.5
6501,13.4
6502,13.2
6503,12.7
6504,12.7
6505,12.5
6506,12.3
6507,12.3
6508,12.3
6509,12.3
6510,12.3
6511,12.5
6512,12.7
6513,13.2
6514,13.7
6515,14.4
6516,14.8
6517,15.8
6518,14.4
6519,14.6
6520,14.6
6521,14.1
6522,13.5
6523,13.7
6524,13.4
6525,13.4
6526,13.2
6527,12.8
6528,13.1
6529,13.1
6530,13
6531,12.8
6532,12.9
6533,13.3
6534,13.5
6535,13.3
6536,13.3
6537,13.9
6538,14.1
6539,14.6
6540,14.3
6541,13.7
6542,13.7
6543,13.8
6544,13.8
6545,13.7
6546,13.3
6547,13.1
6548,12.8
6549,12.6
6550,12.4
6551,12.6
6552,12.7
6553,12.7
6554,12.6
6555,12.3
6556,11.7
6557,11.3
6558,10.6
6559,9.4
6560,9.9
6561,11.8
6562,13.2
6563,14.8
6564,14.6
6565,14.6
6566,14.8
6567,15.8
6568,15.7
6569,16.2
6570,15.7
6571,14.9
6572,14.1
6573,13.5
6574,13.2
6575,12.4
6576,11.8
6577,11.8
6578,10.8
6579,10.1
6580,9.7
6581,9.5
6582,9.7
6583,9.9
6584,9.8
6585,10.5
6586,11.3
6587,12
6588,12.8
6589,13.4
6590,13.8
6591,14.3
6592,14.6
6593,14.5
6594,14.1
6595,13.6
6596,13.6
6597,13.5
6598,13.3
6599,12.7
6600,12.3
6601,11.9
6602,11.9
6603,11.6
6604,11.7
6605,11.7
6606,11.4
6607,11.9
6608,12.7
6609,13.6
6610,14.4
6611,16
6612,16.3
6613,15.8
6614,16
6615,15.9
6616,15.6
6617,15.4
6618,14.4
6619,13.2
6620,12.6
6621,12.6
6622,11.8
6623,11.7
6624,11.8
6625,11.4
6626,11.3
6627,11.9
6628,11.5
6629,10.8
6630,11
6631,10.7
6632,11
6633,11.9
6634,13
6635,13.4
6636,15
6637,15.8
6638,16.4
6639,16.3
6640,15.2
6641,15.4
6642,14.7
6643,14.6
6644,14.6
6645,14.4
6646,14.7
6647,14.3
6648,14.3
6649,14.2
6650,13.6
6651,13.5
6652,13.4
6653,13.3
6654,13.2
6655,13.3
6656,13.2
6657,13.8
6658,14.2
6659,15.2
6660,16.7
6661,17.6
6662,17.8
6663,18
6664,18.4
6665,18.4
6666,17.4
6667,17.2
6668,14.4
6669,14.3
6670,14
6671,13.9
6672,13.7
6673,13.6
6674,13.5
6675,13.6
6676,13.6
6677,13.8
6678,14.1
6679,14.4
6680,14.5
6681,15.2
6682,16.1
6683,16.2
6684,17.3
6685,17.1
6686,17.4
6687,17.6
6688,16.8
6689,16.9
6690,16.1
6691,16.2
6692,15.4
6693,15
6694,14.8
6695,14.1
6696,13.6
6697,13.1
6698,12.9
6699,12.6
6700,12.5
6701,12.9
6702,12.7
6703,12.6
6704,12.6
6705,13
6706,13.5
6707,14.3
6708,15.7
6709,15.7
6710,16.4
6711,16.5
6712,16.1
6713,14.9
6714,14
6715,12.8
6716,12.6
6717,12.4
6718,12.5
6719,11.7
6720,11.9
6721,11.7
6722,11.3
6723,10.9
6724,10.3
6725,10.4
6726,10.1
6727,10.8
6728,10.8
6729,11.5
6730,12.3
6731,12.6
6732,13.7
6733,14.4
6734,11.3
6735,14.8
6736,14.8
6737,14.5
6738,13.4
6739,12.9
6740,11.4
6741,11.7
6742,10.6
6743,10.9
6744,11
6745,9.2
6746,10.1
6747,9.8
6748,9.7
6749,9.6
6750,9.6
6751,9.2
6752,9.9
6753,10
6754,11
6755,11.9
6756,12.7
6757,13.8
6758,13.5
6759,14.1
6760,14.1
6761,13.9
6762,13.4
6763,12.3
6764,11.8
6765,10.9
6766,11.3
6767,10.9
6768,11.3
6769,10.4
6770,10.2
6771,9.9
6772,10.8
6773,10.9
6774,10.3
6775,9.5
6776,8.9
6777,7.9
6778,8.7
6779,10.8
6780,12
6781,13.6
6782,14
6783,13
6784,13
6785,12.7
6786,12.2
6787,11
6788,10.3
6789,9.6
6790,9
6791,8.8
6792,8.8
6793,9
6794,9.3
6795,9.5
6796,9.4
6797,9.3
6798,9.2
6799,9.4
6800,9.9
6801,10.5
6802,10.9
6803,11.8
6804,12.7
6805,13.5
6806,14
6807,14
6808,13.7
6809,13.3
6810,12.4
6811,11.6
6812,12.4
6813,12.4
6814,12.2
6815,12.5
6816,12.1
6817,12
6818,12.6
6819,12.8
6820,13.2
6821,13.7
6822,13.9
6823,14.1
6824,14.2
6825,13.9
6826,14
6827,13.3
6828,13.3
6829,12.7
6830,12.7
6831,12.8
6832,13.2
6833,13.2
6834,12.7
6835,12.5
6836,12.1
6837,11.8
6838,11.5
6839,10
6840,9.1
6841,8.3
6842,7.8
6843,7.8
6844,7.4
6845,6.7
6846,6.2
6847,6
6848,6.3
6849,7.1
6850,8.5
6851,10.2
6852,10.9
6853,12.2
6854,12.6
6855,12.8
6856,12.8
6857,12.4
6858,11.4
6859,10.9
6860,10.1
6861,8.9
6862,8.1
6863,7.6
6864,7.4
6865,6.9
6866,6.6
6867,6.4
6868,6
6869,5.5
6870,5.3
6871,5.1
6872,5.9
6873,7.4
6874,9.7
6875,12
6876,13.3
6877,14.6
6878,15.5
6879,15.3
6880,15
6881,14.3
6882,13
6883,12.1
6884,11.2
6885,10.5
6886,10
6887,9.2
6888,8.6
6889,8
6890,7.7
6891,7.7
6892,7.4
6893,6.9
6894,6.6
6895,6.5
6896,7
6897,8.6
6898,10.5
6899,12.3
6900,14
6901,15.6
6902,16.4
6903,16.2
6904,15.9
6905,15.8
6906,13.8
6907,14.6
6908,14.6
6909,13.7
6910,13.9
6911,11.9
6912,12
6913,11.4
6914,11.8
6915,11.2
6916,11.6
6917,11.8
6918,12
6919,12.3
6920,12.3
6921,12.7
6922,13.2
6923,13.7
6924,15
6925,15.8
6926,16.3
6927,16.2
6928,15.9
6929,15
6930,15
6931,14.3
6932,13.2
6933,12.9
6934,12.4
6935,11.7
6936,11.3
6937,11
6938,11.4
6939,11.8
6940,12.8
6941,12.7
6942,12.8
6943,12.8
6944,13
6945,13.7
6946,13.9
6947,13.6
6948,13
6949,12.3
6950,12.4
6951,11.2
6952,11
6953,11.1
6954,10.9
6955,10.7
6956,10.3
6957,12.3
6958,10.6
6959,11.7
6960,9.6
6961,9.4
6962,9.7
6963,9.2
6964,9.9
6965,10.8
6966,9.2
6967,9.8
6968,10.9
6969,11
6970,11
6971,10.7
6972,11.1
6973,10.3
6974,9.5
6975,10.6
6976,10.6
6977,10
6978,9
6979,10
6980,9.4
6981,9.6
6982,8.6
6983,8.6
6984,8.7
6985,8.9
6986,8.3
6987,8.5
6988,9.1
6989,9.2
6990,8.1
6991,7.9
6992,8
6993,8.7
6994,8.8
6995,9.8
6996,10.2
6997,10
6998,10.1
6999,10.1
7000,10
7001,9.4
7002,8.6
7003,7.9
7004,7.3
7005,6.7
7006,6.7
7007,6.5
7008,6.2
7009,6.3
7010,4.6
7011,4.2
7012,4.4
7013,4.4
7014,4.2
7015,4.4
7016,4.6
7017,6.1
7018,6.8
7019,8.2
7020,9.1
7021,9.2
7022,9.1
7023,9.4
7024,9.6
7025,10.3
7026,9.3
7027,8.8
7028,8.8
7029,8.5
7030,8.3
7031,8.4
7032,8.4
7033,8.6
7034,9.5
7035,10.1
7036,10.6
7037,10.2
7038,10.3
7039,10.2
7040,10
7041,9.6
7042,9.5
7043,10.2
7044,10.6
7045,10.5
7046,10.7
7047,10.7
7048,10.2
7049,9.8
7050,8.5
7051,7.4
7052,6.6
7053,5.6
7054,4.6
7055,3.9
7056,3.3
7057,3
7058,2.4
7059,1.9
7060,1.7
7061,1.2
7062,1.2
7063,1.1
7064,1.4
7065,2.1
7066,3.6
7067,5.3
7068,6.4
7069,7.3
7070,7.5
7071,7.7
7072,7.6
7073,7.4
7074,6.4
7075,5.4
7076,4.7
7077,3.9
7078,3.3
7079,4.4
7080,6.4
7081,9.1
7082,11.5
7083,13.2
7084,13.2
7085,13
7086,12.9
7087,12.8
7088,12.3
7089,12.1
7090,10.6
7091,11.1
7092,10.9
7093,11.1
7094,11.1
7095,10.9
7096,10.8
7097,9.8
7098,8.3
7099,8.5
7100,8.4
7101,8.2
7102,7.9
7103,7.5
7104,7.1
7105,6.9
7106,6.4
7107,6.4
7108,6
7109,6
7110,6
7111,5.9
7112,5.9
7113,5.8
7114,6.4
7115,7.9
7116,8.9
7117,9.6
7118,10.1
7119,9.8
7120,9.9
7121,8.9
7122,7.9
7123,6.7
7124,6.3
7125,5.5
7126,6.1
7127,5.1
7128,4.8
7129,5.3
7130,5.5
7131,6.1
7132,7
7133,6.1
7134,6.3
7135,7.6
7136,7.9
7137,8.9
7138,9.9
7139,10.7
7140,11.6
7141,12.3
7142,12.6
7143,13.3
7144,12.1
7145,12
7146,11.5
7147,11.2
7148,11.1
7149,11.1
7150,10.7
7151,11.1
7152,11.2
7153,11.4
7154,10.2
7155,10
7156,9.6
7157,9.2
7158,9.7
7159,9.5
7160,9.7
7161,9.4
7162,10
7163,9.5
7164,9.5
7165,9.5
7166,9.5
7167,9.9
7168,10
7169,9.9
7170,9.3
7171,9
7172,9
7173,8.6
7174,8.8
7175,8.5
7176,8.3
7177,8.1
7178,7.6
7179,7.6
7180,7.9
7181,8
7182,8.1
7183,8.3
7184,9
7185,9.5
7186,10.5
7187,12.9
7188,13.5
7189,13.7
7190,13.2
7191,11.8
7192,10.5
7193,9.7
7194,9.8
7195,10.6
7196,10.6
7197,10.1
7198,9.9
7199,10.2
7200,10.1
7201,10
7202,9.4
7203,8.9
7204,8.3
7205,7.7
7206,8.7
7207,8.1
7208,8.3
7209,9.2
7210,9.1
7211,8.5
7212,8.3
7213,9
7214,9.3
7215,9.5
7216,8.4
7217,8.8
7218,8.4
7219,8.1
7220,8
7221,8.1
7222,7.6
7223,7.6
7224,7
7225,7
7226,6.9
7227,6.9
7228,7.1
7229,7.2
7230,6.9
7231,6.4
7232,5.8
7233,6.4
7234,7.4
7235,8.3
7236,9
7237,9.4
7238,9.6
7239,9.5
7240,9.2
7241,8.7
7242,8.3
7243,8.1
7244,8
7245,7.5
7246,7.7
7247,7.6
7248,7.5
7249,7.4
7250,7.2
7251,7
7252,6.9
7253,7.2
7254,7.3
7255,7.4
7256,7.5
7257,7.6
7258,8.4
7259,8.8
7260,10.2
7261,9.9
7262,10.9
7263,10.5
7264,9.8
7265,9.2
7266,9.5
7267,9.4
7268,8.9
7269,8.3
7270,7.7
7271,7
7272,6.2
7273,5.6
7274,4.8
7275,4
7276,4.5
7277,4.2
7278,4.9
7279,5.3
7280,5.8
7281,6.2
7282,7
7283,8.5
7284,9.7
7285,10.3
7286,11.5
7287,11.5
7288,11
7289,10
7290,9.1
7291,8.9
7292,8.8
7293,8.1
7294,7.8
7295,7.5
7296,7.3
7297,6.9
7298,6.8
7299,6.7
7300,6.7
7301,6
7302,5.1
7303,4.5
7304,4.4
7305,4.6
7306,6.3
7307,6.8
7308,7.7
7309,8.6
7310,8.9
7311,9.2
7312,8.7
7313,7.9
7314,7.5
7315,7.4
7316,7.4
7317,7.4
7318,7.4
7319,8.2
7320,9.2
7321,10.3
7322,11.2
7323,11.9
7324,11.9
7325,11.9
7326,11.8
7327,11.9
7328,11.9
7329,11.6
7330,11.4
7331,11.9
7332,12.1
7333,12
7334,12.1
7335,12
7336,11.6
7337,11.7
7338,11.3
7339,11
7340,10.9
7341,11
7342,10.9
7343,11.1
7344,11.3
7345,11.6
7346,11.7
7347,11.8
7348,12
7349,12.2
7350,12.1
7351,12.3
7352,12.2
7353,12.2
7354,12.3
7355,12.4
7356,11.3
7357,12.5
7358,12.5
7359,12
7360,11.4
7361,11.7
7362,11.4
7363,10.7
7364,11.2
7365,11.1
7366,10.9
7367,11.1
7368,11.4
7369,11.6
7370,11.1
7371,11
7372,10.7
7373,10.5
7374,10.3
7375,10.4
7376,10.5
7377,9.9
7378,10.2
7379,10.5
7380,10.8
7381,10.9
7382,10.6
7383,10.5
7384,10.2
7385,10
7386,9.9
7387,9.8
7388,9.3
7389,8.8
7390,8
7391,7.3
7392,7.4
7393,7.9
7394,8
7395,7.6
7396,7.7
7397,7.8
7398,7.7
7399,7.6
7400,8
7401,8
7402,8.4
7403,9.1
7404,9.6
7405,10
7406,9.7
7407,9.9
7408,9.2
7409,8.9
7410,9
7411,9.1
7412,8.9
7413,8.9
7414,9.2
7415,9.5
7416,9.3
7417,9.5
7418,10.4
7419,10.9
7420,10.2
7421,8.5
7422,8.9
7423,8.4
7424,8.8
7425,8.3
7426,7
7427,8.7
7428,8.9
7429,8.4
7430,7.9
7431,9.2
7432,7.4
7433,8.1
7434,8.6
7435,8.2
7436,9.2
7437,9.1
7438,8.8
7439,8
7440,7.8
7441,8.1
7442,7.8
7443,8.1
7444,8.5
7445,8.7
7446,8.4
7447,9.2
7448,9.5
7449,10.4
7450,11
7451,10.8
7452,10.6
7453,10.9
7454,10.2
7455,10.7
7456,10.6
7457,9.5
7458,10
7459,9.9
7460,10.5
7461,10.9
7462,10.6
7463,10.8
7464,10.5
7465,10.5
7466,9.9
7467,9.7
7468,9.5
7469,9.2
7470,9.2
7471,9.1
7472,8.9
7473,8.6
7474,9.6
7475,10
7476,10.3
7477,10.3
7478,10.4
7479,10.7
7480,10.8
7481,10.8
7482,10.5
7483,10.4
7484,9.6
7485,9.3
7486,8.8
7487,9.6
7488,8.3
7489,7.3
7490,7.8
7491,7.6
7492,6.7
7493,6.3
7494,5.9
7495,5.2
7496,7.4
7497,7.7
7498,7.6
7499,8.9
7500,7.4
7501,8.1
7502,8.6
7503,8.2
7504,9
7505,8.6
7506,8.7
7507,6.4
7508,6.3
7509,6.6
7510,7.6
7511,5.9
7512,6.5
7513,6
7514,6.2
7515,5.7
7516,5.4
7517,4.8
7518,6.3
7519,5.3
7520,4.8
7521,3.7
7522,3.8
7523,6
7524,5.6
7525,7.2
7526,6.1
7527,6.9
7528,7.5
7529,7.4
7530,6.1
7531,5
7532,5.2
7533,5
7534,5.1
7535,5.5
7536,5.2
7537,5.4
7538,5.2
7539,4.6
7540,4.3
7541,3.9
7542,3.5
7543,2.5
7544,1.6
7545,2.1
7546,2.8
7547,3.3
7548,5.5
7549,6.9
7550,7.5
7551,8
7552,7.9
7553,7.3
7554,7.6
7555,5
7556,4.9
7557,5.3
7558,6.9
7559,7.3
7560,8.3
7561,6.5
7562,4.9
7563,6.4
7564,6.8
7565,7.3
7566,5.3
7567,7.2
7568,8.1
7569,6.6
7570,6.9
7571,7.3
7572,7.4
7573,7.5
7574,7.3
7575,7.5
7576,7.3
7577,7.1
7578,6.9
7579,5.3
7580,5.1
7581,4.3
7582,4.2
7583,4.3
7584,4
7585,4.3
7586,4.8
7587,5.7
7588,5.6
7589,6.2
7590,5.9
7591,5.9
7592,5.9
7593,6
7594,6.6
7595,5.7
7596,6.5
7597,7
7598,6.6
7599,6.4
7600,6
7601,5.7
7602,5.4
7603,5.3
7604,4
7605,3.6
7606,2.6
7607,2
7608,2
7609,1.8
7610,1.8
7611,1.7
7612,1.5
7613,1.8
7614,2
7615,1.9
7616,1.7
7617,1.7
7618,1.9
7619,3.1
7620,3.6
7621,3.6
7622,3.7
7623,3.8
7624,3.5
7625,2.8
7626,2.4
7627,2.1
7628,2.1
7629,1.9
7630,1.4
7631,1.3
7632,1.1
7633,1
7634,1
7635,1
7636,0.7
7637,1.3
7638,1.3
7639,1.1
7640,1.2
7641,1.6
7642,2.2
7643,3.1
7644,3.4
7645,3.9
7646,3.8
7647,4
7648,3.8
7649,3.5
7650,3.2
7651,3.2
7652,3.3
7653,2.9
7654,2
7655,2.5
7656,2.9
7657,2.7
7658,3.4
7659,3.6
7660,3.6
7661,3.9
7662,4.1
7663,4.4
7664,4.5
7665,4.7
7666,5
7667,5.6
7668,6.1
7669,6.6
7670,7
7671,7.5
7672,7.3
7673,7.3
7674,6.9
7675,6.8
7676,6.2
7677,5.8
7678,5.7
7679,5.7
7680,5.4
7681,5.3
7682,5.7
7683,6.2
7684,5.7
7685,5.8
7686,5.9
7687,6
7688,6.1
7689,6.3
7690,6.5
7691,6.6
7692,6.9
7693,7
7694,7.1
7695,6.8
7696,7
7697,7.1
7698,7.2
7699,7
7700,7
7701,6.8
7702,6.5
7703,5.8
7704,5.4
7705,5
7706,4.7
7707,4.2
7708,3.8
7709,3.3
7710,2.9
7711,2.4
7712,2.2
7713,2.5
7714,3
7715,4.1
7716,5.2
7717,5.8
7718,6.2
7719,6.3
7720,6.3
7721,6.5
7722,6.5
7723,6.3
7724,6.1
7725,6
7726,6
7727,5.9
7728,5.7
7729,5.5
7730,4.4
7731,3.7
7732,3.3
7733,3.3
7734,3
7735,2.1
7736,1.6
7737,1.5
7738,1.7
7739,2
7740,2.1
7741,2.4
7742,2.8
7743,3.1
7744,3
7745,2.8
7746,2.7
7747,2.7
7748,2.8
7749,2.9
7750,2.8
7751,2.8
7752,2.8
7753,2.8
7754,3.1
7755,3.3
7756,3.3
7757,3.4
7758,3.6
7759,3.7
7760,4.1
7761,4.1
7762,4.3
7763,5.2
7764,5.8
7765,6.8
7766,7.9
7767,7.9
7768,7.2
7769,6.1
7770,5.9
7771,5.2
7772,4.3
7773,3.8
7774,3.3
7775,3.1
7776,2.9
7777,2.6
7778,2.8
7779,2.6
7780,2.1
7781,2.3
7782,2.5
7783,2.4
7784,2.4
7785,2.9
7786,3.8
7787,4.3
7788,5.3
7789,5.4
7790,6.2
7791,6.8
7792,6.9
7793,7.2
7794,7.4
7795,7.9
7796,8.1
7797,8.4
7798,8.4
7799,7.1
7800,5.3
7801,3
7802,1.2
7803,-0.3
7804,-0.4
7805,-0.5
7806,-0.7
7807,-0.8
7808,-0.8
7809,-1.1
7810,-0.3
7811,1.4
7812,2.7
7813,4.2
7814,4
7815,3.8
7816,4.2
7817,4
7818,4.1
7819,4.5
7820,3.8
7821,4.2
7822,4.9
7823,5.7
7824,5.7
7825,6.1
7826,6.3
7827,6.4
7828,6.8
7829,6.8
7830,7.4
7831,7.5
7832,8
7833,8.2
7834,7.9
7835,7.8
7836,7.5
7837,8
7838,8.5
7839,8.7
7840,8.5
7841,8.2
7842,7.8
7843,8
7844,8.3
7845,8.5
7846,8.5
7847,8.6
7848,8.5
7849,8.5
7850,8.3
7851,8.2
7852,8.4
7853,8.5
7854,8.4
7855,8.5
7856,8.4
7857,8.4
7858,8.5
7859,9
7860,9.2
7861,9.7
7862,9.5
7863,9.3
7864,9.1
7865,8.9
7866,9.1
7867,8.9
7868,9.3
7869,9
7870,8.9
7871,8.7
7872,8.4
7873,8
7874,7.2
7875,6.4
7876,6
7877,5.5
7878,5.1
7879,4.7
7880,3.8
7881,4.3
7882,5.3
7883,6
7884,8.4
7885,9.5
7886,10.2
7887,10.4
7888,9.9
7889,8.7
7890,7.7
7891,6.9
7892,6.4
7893,6.1
7894,5.6
7895,5.1
7896,4.5
7897,4.4
7898,4
7899,3.6
7900,3.2
7901,3
7902,2.8
7903,2.8
7904,2.9
7905,2.8
7906,3.4
7907,3.4
7908,5.3
7909,7.2
7910,6.8
7911,7.4
7912,6.8
7913,6.7
7914,7
7915,6.9
7916,7.1
7917,6.9
7918,7.2
7919,7
7920,6.4
7921,5.6
7922,5
7923,5.2
7924,5.2
7925,5
7926,5.4
7927,4.7
7928,4.1
7929,3.8
7930,4.7
7931,5.5
7932,7
7933,8
7934,8.8
7935,8.8
7936,8
7937,7.5
7938,6.5
7939,5.8
7940,4.7
7941,3.5
7942,3.1
7943,2.8
7944,2
7945,1.7
7946,1.2
7947,0.7
7948,0.2
7949,0
7950,0
7951,-0.2
7952,-0.8
7953,-0.7
7954,-0.6
7955,0.2
7956,0.9
7957,1.6
7958,2.3
7959,2.7
7960,2.2
7961,1.9
7962,2.2
7963,2.6
7964,3
7965,3.3
7966,3.3
7967,3.1
7968,2.9
7969,2.9
7970,2.7
7971,2.7
7972,2.3
7973,2.3
7974,2.2
7975,2.3
7976,2.2
7977,2.3
7978,2.5
7979,2.7
7980,2.8
7981,3
7982,3.1
7983,3.2
7984,3.3
7985,3.1
7986,3
7987,3
7988,2.8
7989,2.8
7990,2.8
7991,2.7
7992,2.6
7993,2.4
7994,2.1
7995,2.2
7996,1.8
7997,1.6
7998,1.6
7999,1.7
8000,1.6
8001,1.5
8002,1.5
8003,1.5
8004,1.5
8005,1.1
8006,0.7
8007,0.4
8008,0.1
8009,0
8010,-0.1
8011,-0.4
8012,-0.6
8013,0
8014,0
8015,0
8016,-0.1
8017,-0.2
8018,-0.4
8019,-0.8
8020,-0.4
8021,-1.3
8022,-1.5
8023,-1.8
8024,-1.9
8025,-1.9
8026,-1.8
8027,-0.9
8028,-0.1
8029,0.2
8030,0.3
8031,-0.5
8032,-1.4
8033,-1.6
8034,-1.7
8035,-1.7
8036,-1.9
8037,-2
8038,-2
8039,-0.5
8040,1.5
8041,3.8
8042,5.6
8043,6.9
8044,6.8
8045,6.8
8046,6.6
8047,6.5
8048,6.5
8049,6.5
8050,7.2
8051,7.7
8052,7.8
8053,8.2
8054,8.2
8055,7.9
8056,7.1
8057,7.8
8058,7.9
8059,9
8060,8.8
8061,9.5
8062,8.9
8063,8.2
8064,8.5
8065,7.4
8066,7.1
8067,7.3
8068,7.1
8069,7.2
8070,7.3
8071,6.7
8072,6.7
8073,6.6
8074,6.8
8075,6.7
8076,7
8077,6.6
8078,6.8
8079,6.1
8080,6.7
8081,6.3
8082,6.2
8083,6.2
8084,6.1
8085,5.7
8086,5.5
8087,5.4
8088,5.2
8089,5.6
8090,5.4
8091,6
8092,6.3
8093,7.2
8094,6.7
8095,4.9
8096,4.7
8097,5.3
8098,5.8
8099,5.9
8100,6.7
8101,7.3
8102,7.5
8103,7.2
8104,6.7
8105,6.6
8106,6.7
8107,6.5
8108,6.6
8109,6.7
8110,6.7
8111,6.2
8112,6.3
8113,6.7
8114,7.2
8115,7.7
8116,8.1
8117,8.6
8118,9.2
8119,9.9
8120,9.7
8121,10.3
8122,10.6
8123,10.8
8124,11.2
8125,11.5
8126,11.8
8127,11.9
8128,11.9
8129,10.6
8130,10.2
8131,10
8132,10
8133,10.3
8134,10.2
8135,10.2
8136,9.2
8137,10
8138,9.8
8139,9.5
8140,9.3
8141,9.2
8142,9
8143,9
8144,9.1
8145,8.9
8146,8.5
8147,8.8
8148,8.8
8149,8.5
8150,8.7
8151,8.9
8152,9.1
8153,8.6
8154,8.7
8155,8.9
8156,9.4
8157,9.6
8158,9.7
8159,9.6
8160,10.3
8161,10.8
8162,11.3
8163,11.6
8164,11.2
8165,11.2
8166,10.6
8167,11.8
8168,11.5
8169,9.8
8170,9.3
8171,9.1
8172,9.2
8173,8.8
8174,7
8175,7.3
8176,7.9
8177,7.7
8178,7.1
8179,7
8180,6.9
8181,7
8182,6.9
8183,6.5
8184,6.3
8185,6.6
8186,6.3
8187,6.4
8188,6.4
8189,6.3
8190,6.3
8191,6.1
8192,5.7
8193,5.5
8194,5.8
8195,6
8196,6.4
8197,6.7
8198,5.1
8199,5.3
8200,5.9
8201,5.3
8202,5
8203,4.9
8204,5.4
8205,5.5
8206,5.6
8207,5.1
8208,4.5
8209,4.6
8210,4
8211,4.3
8212,4.7
8213,5.1
8214,6
8215,6.7
8216,7.2
8217,7.4
8218,7.3
8219,7.2
8220,7.7
8221,7.8
8222,8.1
8223,7.8
8224,7.2
8225,7.3
8226,6.5
8227,5.9
8228,6.1
8229,6.5
8230,5.6
8231,5.4
8232,5.3
8233,5.1
8234,4.8
8235,4.6
8236,4.5
8237,4.5
8238,4
8239,3.9
8240,3.7
8241,3.4
8242,3.6
8243,4.8
8244,5.1
8245,5.2
8246,5.9
8247,5.2
8248,5.2
8249,5.3
8250,5.2
8251,4.5
8252,3.8
8253,4
8254,4.3
8255,4.7
8256,4.4
8257,4.6
8258,4.4
8259,5.6
8260,5.2
8261,5.4
8262,5.4
8263,5.4
8264,5.4
8265,5.6
8266,5.5
8267,5.7
8268,5.8
8269,6
8270,6
8271,6
8272,5.7
8273,5.8
8274,5.7
8275,5.8
8276,5.7
8277,5.4
8278,5.2
8279,4.8
8280,4.9
8281,4.7
8282,5
8283,4.9
8284,4.8
8285,5
8286,5
8287,4.9
8288,5
8289,5
8290,4.3
8291,4.4
8292,4.8
8293,4.8
8294,4.9
8295,4.7
8296,4.4
8297,4.3
8298,3.4
8299,2.8
8300,2.9
8301,2.9
8302,2.9
8303,3.1
8304,3.2
8305,3.2
8306,3.2
8307,3.2
8308,3.2
8309,3.5
8310,3.8
8311,4
8312,4
8313,4
8314,4.3
8315,4.3
8316,4.4
8317,4.6
8318,4.6
8319,4.6
8320,4.5
8321,4.5
8322,4.4
8323,4.4
8324,4.2
8325,4.1
8326,4.1
8327,4.1
8328,3.9
8329,3.7
8330,3.4
8331,3.3
8332,3.4
8333,3.3
8334,2.9
8335,2.7
8336,2.6
8337,2.7
8338,3.1
8339,3.2
8340,3.4
8341,3.7
8342,3.7
8343,3.8
8344,3.7
8345,3.6
8346,3.3
8347,3.4
8348,3.5
8349,3.6
8350,3.8
8351,3.9
8352,3.7
8353,3.5
8354,3.8
8355,4.2
8356,4.2
8357,3.9
8358,3.7
8359,3.6
8360,3.4
8361,3.2
8362,3.4
8363,3.4
8364,3.6
8365,3.8
8366,4
8367,3.9
8368,3.7
8369,2.6
8370,2.1
8371,1.9
8372,1.2
8373,0.5
8374,0
8375,-0.7
8376,-1.1
8377,-1.2
8378,-1.5
8379,-1.6
8380,-2
8381,-2.3
8382,-2.4
8383,-2.5
8384,-2.9
8385,-2.8
8386,-2.7
8387,-2
8388,-0.6
8389,0.1
8390,0.1
8391,0.2
8392,0.1
8393,0.1
8394,0.3
8395,1
8396,0.9
8397,0.9
8398,0.9
8399,0.7
8400,0.8
8401,0.9
8402,1
8403,1.1
8404,1.1
8405,1
8406,1
8407,1.4
8408,1.6
8409,1.7
8410,1.9
8411,2
8412,2
8413,2.1
8414,2.5
8415,2.7
8416,2.6
8417,2.3
8418,2.2
8419,2.1
8420,2
8421,1.7
8422,1.5
8423,1.4
8424,1.3
8425,1.1
8426,1
8427,1
8428,0.9
8429,0.7
8430,0.7
8431,0.7
8432,0.7
8433,0.6
8434,0.4
8435,0.3
8436,0.2
8437,0.3
8438,0.1
8439,0.4
8440,0.2
8441,0.1
8442,-0.1
8443,-0.2
8444,-0.2
8445,-0.2
8446,-0.2
8447,-0.3
8448,-0.4
8449,-0.6
8450,-0.6
8451,-0.7
8452,-0.9
8453,-1
8454,-0.9
8455,-0.9
8456,-0.7
8457,-0.6
8458,-0.8
8459,-0.6
8460,-0.7
8461,-0.7
8462,-0.8
8463,-0.5
8464,-0.3
8465,-1
8466,-0.6
8467,-0.7
8468,-1.3
8469,-1.9
8470,-1.8
8471,-1.7
8472,-1.8
8473,-1.7
8474,-1.7
8475,-1.8
8476,-1.9
8477,-1.9
8478,-1.6
8479,-1.5
8480,-1.6
8481,-1.6
8482,-1.6
8483,-1.4
8484,-1.3
8485,-1.2
8486,-1.1
8487,-1
8488,-1
8489,-0.9
8490,-0.9
8491,-0.9
8492,-0.9
8493,-0.9
8494,-0.9
8495,-1
8496,-1.7
8497,-2.4
8498,-2.6
8499,-2.7
8500,-3.1
8501,-3.3
8502,-3.4
8503,-3.8
8504,-3.7
8505,-4.1
8506,-4.3
8507,-4.4
8508,-4
8509,-4.1
8510,-4.1
8511,-3.7
8512,-3.9
8513,-4.1
8514,-4.1
8515,-4.2
8516,-4.4
8517,-4.4
8518,-4.5
8519,-4.7
8520,-4.6
8521,-4.8
8522,-5.1
8523,-5.2
8524,-5.2
8525,-5.5
8526,-5.5
8527,-5.5
8528,-5.5
8529,-5.5
8530,-5.4
8531,-5.2
8532,-4.6
8533,-4.1
8534,-2.5
8535,-1.9
8536,-2.2
8537,-2.4
8538,-2.9
8539,-3.2
8540,-3.1
8541,-3
8542,-2.4
8543,-2.3
8544,-2.1
8545,-2.3
8546,-2.4
8547,-2.2
8548,-2.2
8549,-2
8550,-0.9
8551,-0.5
8552,0.2
8553,0.7
8554,1.3
8555,1.4
8556,2.4
8557,3.5
8558,5.1
8559,5.5
8560,5.9
8561,5.4
8562,4.1
8563,3.1
8564,3
8565,2.3
8566,2
8567,-0.1
8568,-0.5
8569,-0.8
8570,-1
8571,-1.9
8572,-1.9
8573,-1.2
8574,-1
8575,-0.6
8576,-0.7
8577,-0.6
8578,-0.3
8579,-0.2
8580,-0.1
8581,0
8582,0.5
8583,0.8
8584,1.2
8585,1.6
8586,1.8
8587,1.9
8588,2.1
8589,1.9
8590,1.9
8591,2.3
8592,2.3
8593,2.7
8594,2.5
8595,2.6
8596,2.2
8597,2.1
8598,2
8599,2.4
8600,2.1
8601,2.1
8602,2.3
8603,2.8
8604,3.2
8605,3.8
8606,4.3
8607,4.4
8608,4
8609,3.8
8610,4.4
8611,3.9
8612,4
8613,3.9
8614,3.5
8615,3
8616,3.2
8617,3
8618,2.9
8619,3.3
8620,3.3
8621,2.9
8622,2.9
8623,2.9
8624,2.9
8625,2.8
8626,3.3
8627,3.3
8628,3.6
8629,3.5
8630,3.5
8631,3.5
8632,3.7
8633,3.7
8634,3.4
8635,3.2
8636,3.3
8637,3.3
8638,3.2
8639,3.4
8640,3.4
8641,3.9
8642,3.9
8643,3.8
8644,3.6
8645,3.7
8646,3.5
8647,3.5
8648,3.3
8649,3.1
8650,2.9
8651,3.2
8652,3.5
8653,4
8654,4.5
8655,4.6
8656,4.8
8657,4.9
8658,5
8659,5.2
8660,5.4
8661,5.5
8662,5.6
8663,5.7
8664,5.9
8665,6.1
8666,6.4
8667,6.6
8668,6.7
8669,6.8
8670,7
8671,6.9
8672,6.9
8673,6.9
8674,7.3
8675,7.6
8676,7.1
8677,7.3
8678,7
8679,6.7
8680,6.7
8681,6.3
8682,6.3
8683,6.8
8684,6.4
8685,6.1
8686,5.9
8687,5.5
8688,5.1
8689,4.6
8690,4.4
8691,4.1
8692,4.1
8693,4.1
8694,4.2
8695,4.3
8696,4.2
8697,4.3
8698,4.2
8699,4.7
8700,5.5
8701,5.4
8702,5.2
8703,4.8
8704,4.5
8705,4.2
8706,2.8
8707,2.5
8708,2.3
8709,2.6
8710,2.8
8711,2.9
8712,2.3
8713,1.9
8714,1.5
8715,1.8
8716,1.6
8717,1.5
8718,1.4
8719,0.7
8720,0.4
8721,0.9
8722,1.2
8723,1.8
8724,1.6
8725,1.8
8726,2
8727,2.3
8728,2.8
8729,2.8
8730,2.7
8731,2.6
8732,2.2
8733,1.9
8734,1.7
8735,1.3
8736,1.3
8737,1.3
8738,1.5
8739,1.1
8740,0.7
8741,1
8742,1.1
8743,0.9
8744,1.3
8745,2.1
8746,1.9
8747,1.3
8748,1.2
8749,1.4
8750,1.8
8751,1.2
8752,0.7
8753,0.3
8754,0.2
8755,0.3
8756,0.2
8757,0
8758,-0.3
8759,-0.4
8760,-0.4
