,,gain utilisation factor,thermal bridges factor,transmission factor,u_values,u_values,u_values,u_values,u_values,u_values,u_values,u_values,u_values,u_values,heating days,ventilation rate,heating degree days,irradiation heating season,temperature reduction factor
,,building,building,window,Door_1,Floor_1,Floor_2,Roof_1,Roof_2,Wall_1,Wall_2,Wall_3,Window_1,Window_2,building,building,building,building,building
1,1,0.9400812479846928,0.1,0.75,4.0,0.7692307692307692,1.0,0.6,0.5084745762711864,1.1,1.1,1.1,2.7,2.7,222,0.6000000000000002,3463,403,0.94
1,2,0.9449224441141874,0.1,0.75,4.0,0.7692307692307692,1.0,0.5,0.5084745762711864,1.1,1.1,1.1,2.7,2.7,222,0.6000000000000002,3463,403,0.94
1,3,0.9476117299250176,0.1,0.75,4.0,0.6451612903225806,0.8,0.5,0.4347826086956522,0.8999999999999999,0.8999999999999999,0.8999999999999999,2.7,2.7,222,0.6000000000000002,3463,403,0.95
1,4,0.933536484943598,0.1,0.75,4.0,0.6451612903225806,0.8,0.5,0.4347826086956522,0.8999999999999999,0.8999999999999999,0.8999999999999999,3.0,3.0,222,0.6000000000000002,3463,403,0.94
1,5,0.948359762567114,0.1,0.75,4.0,0.5084745762711864,0.6,0.4,0.3571428571428571,0.6,0.6,0.6,3.0,3.0,222,0.6000000000000002,3463,403,0.96
1,6,0.9395773359479276,0.1,0.75,3.0,1.325301204819277,2.2,1.4,1.081081081081081,1.2,1.2,1.2,3.0,3.0,222,0.6000000000000002,3463,403,0.92
1,7,0.9321433593254412,0.1,0.75,3.0,1.081081081081081,1.6,0.6,0.5084745762711864,1.1,1.1,1.1,2.7,2.7,222,0.6000000000000002,3463,403,0.93
1,8,0.9397725044630314,0.1,0.75,3.0,0.8823529411764706,1.2,1.3,1.0,1.7,1.7,1.7,2.8,2.8,222,0.6000000000000002,3463,403,0.93
1,9,0.93342843344505,0.1,0.75,3.0,0.7692307692307692,1.0,1.4,0.6451612903225806,1.4,1.4,1.4,3.0,3.0,222,0.6000000000000002,3463,403,0.91
1,10,0.9334874403657886,0.1,0.75,3.0,1.288343558282209,2.1,0.6,1.081081081081081,1.2,1.2,1.2,3.0,3.0,222,0.6000000000000002,3463,403,0.91
1,11,0.9367669513179336,0.1,0.75,3.0,1.081081081081081,1.6,0.8,0.5084745762711864,1.2,1.2,1.2,3.0,3.0,222,0.6000000000000002,3463,403,0.92
1,12,0.9361164432226592,0.1,0.75,3.0,1.081081081081081,1.6,0.6,0.5084745762711864,1.2,1.2,1.2,3.0,3.0,222,0.6000000000000002,3463,403,0.94
1,13,0.9403922265164718,0.1,0.75,4.0,0.7692307692307692,1.0,0.5,0.5084745762711864,1.1,1.1,1.1,3.0,3.0,222,0.6000000000000002,3463,403,0.93
1,14,0.9450845042623132,0.1,0.75,4.0,0.7692307692307692,1.0,0.5,0.5084745762711864,1.1,1.1,1.1,3.0,3.0,222,0.6000000000000002,3463,403,0.94
1,15,0.9395289659497724,0.1,0.75,3.0,0.8823529411764706,1.2,2.6,1.0,2.0,2.0,2.0,2.8,2.8,222,0.6000000000000002,3463,403,0.8499999999999999
1,16,0.9381448840925533,0.1,0.75,3.0,0.8823529411764706,1.2,1.3,0.7692307692307692,2.2,2.2,2.2,2.7,2.7,222,0.6000000000000002,3463,403,0.91
1,17,0.9324263359618696,0.1,0.75,3.0,0.7692307692307692,1.0,1.4,0.6451612903225806,1.7,1.7,1.7,3.0,3.0,222,0.6000000000000002,3463,403,0.88
1,18,0.94105345065985,0.1,0.75,3.0,1.325301204819277,2.2,1.4,1.081081081081081,1.2,1.2,1.2,3.0,3.0,222,0.6000000000000002,3463,403,0.9000000000000001
1,19,0.9389135003292264,0.1,0.75,3.0,1.081081081081081,1.6,0.8,0.5084745762711864,1.2,1.2,1.2,3.0,3.0,222,0.6000000000000002,3463,403,0.93
1,20,0.937757046965807,0.1,0.75,4.0,0.7692307692307692,1.0,0.5,0.5084745762711864,1.0,1.0,1.0,3.0,3.0,222,0.6000000000000002,3463,403,0.92
1,21,0.9425731099197484,0.1,0.75,4.0,0.6451612903225806,0.8,0.5,0.4347826086956522,0.8,0.8,0.8,3.0,3.0,222,0.6000000000000002,3463,403,0.93
1,22,0.9261870178369253,0.1,0.75,4.0,0.5084745762711864,0.6,0.4,0.3571428571428571,0.6,0.6,0.6,3.0,3.0,222,0.6000000000000002,3463,403,0.93
1,23,0.9378923745597958,0.1,0.6,2.0,0.3964757709251101,0.4499999999999999,0.35,0.3167420814479638,0.4,0.4,0.4,1.9,1.9,222,0.6000000000000002,3463,403,0.95
1,24,0.9525674818777352,0.05,0.6,3.0,0.3167420814479638,0.35,0.2,0.24,0.25,0.25,0.25,1.4,1.4,222,0.5,3463,403,0.99
1,25,0.94408692137978,0.05,0.6,1.8,0.0,0.3504516932935784,0.2,0.0,0.2799171445252205,0.0,0.0,1.3,0.0,222,0.6000000000000002,3463,403,0.98
1,26,0.9509467790154597,0.05,0.5,1.3,0.0,0.2893587549063737,0.2525930692666899,0.0,0.2893587549210817,0.0,0.0,1.1,0.0,222,0.6000000000000002,3463,403,0.98
1,27,0.9408234980609176,0.1,0.75,3.0,2.9,2.9,2.6,1.0,2.0,2.0,2.0,2.8,5.0,222,0.6000000000000002,3463,403,0.8
1,28,0.9356570469932646,0.1,0.75,3.0,0.8823529411764706,1.2,1.3,1.0,1.7,1.7,1.7,2.8,2.8,222,0.6000000000000002,3463,403,0.8
1,29,0.93109193500101,0.1,0.75,3.0,0.7692307692307692,1.0,1.4,0.8,1.7,1.7,1.7,2.8,2.8,222,0.6000000000000002,3463,403,0.83
1,30,0.9329281882024852,0.1,0.75,3.0,0.7751343054489639,1.01,1.4,0.8,1.4,1.4,1.4,2.8,2.8,222,0.6000000000000002,3463,403,0.8
1,31,0.9276944011736638,0.1,0.75,3.0,1.081081081081081,1.6,0.8,0.6,1.2,0.8,0.8823529411764706,2.8,2.8,222,0.6000000000000002,3463,403,0.8
1,32,0.9241629704801652,0.1,0.75,3.0,0.7692307692307692,1.0,0.5,0.5084745762711864,1.0,1.0,1.0,2.8,2.8,222,0.6000000000000002,3463,403,0.84
1,33,0.9257689512799384,0.1,0.75,3.0,0.7692307692307692,1.0,0.5,0.5,0.6,0.6,0.6,2.8,2.8,222,0.6000000000000002,3463,403,0.88
1,34,0.94272896318326,0.1,0.75,3.0,0.6451612903225806,0.8,0.5,0.5,0.8,0.8,0.8,4.3,4.3,222,0.6000000000000002,3463,403,0.88
1,35,0.9213153283123076,0.1,0.75,3.0,0.5084745762711864,0.6,0.4,0.4,0.5,0.5,0.5,3.2,3.2,222,0.6000000000000002,3463,403,0.86
1,36,0.9131522618604472,0.1,0.6,2.0,0.3964757709251101,0.4499999999999999,0.35,0.3,0.3,0.3,0.3,1.9,1.9,222,0.6000000000000002,3463,403,0.88
1,37,0.927640147478062,0.05,0.6,2.0,0.2752293577981651,0.3,0.25,0.24,0.3,0.3,0.3,1.4,1.4,222,0.5,3463,403,0.9000000000000001
1,38,0.9210777667500136,0.05,0.6,1.8,0.35,0.350093358228861,0.2000343630035978,0.2,0.2794466955428252,0.28,0.35,1.3,1.3,222,0.6000000000000002,3463,403,0.9000000000000001
1,39,0.9342962725200792,0.05,0.5,1.3,0.35,0.1706116893082164,0.1458375730992728,0.2,0.1706116890523633,0.28,0.35,1.1,1.3,222,0.6000000000000002,3463,403,0.95
1,40,0.9320008121910388,0.1,0.75,3.0,0.8823529411764706,1.2,1.3,0.7692307692307692,1.7,1.7,1.7,2.7,2.7,222,0.6000000000000002,3463,403,0.84
1,41,0.9244702423528514,0.1,0.75,3.0,0.7692307692307692,1.0,1.4,0.6451612903225806,1.7,1.7,1.7,2.8,2.8,222,0.6000000000000002,3463,403,0.86
1,42,0.903322802908549,0.1,0.75,3.0,1.288343558282209,2.1,1.4,0.6451612903225806,1.2,1.2,1.2,2.8,2.8,222,0.6000000000000002,3463,403,0.84
1,43,0.9440830063097224,0.1,0.75,3.0,1.081081081081081,1.6,0.6,0.5084745762711864,1.2,1.2,1.2,2.8,2.8,222,0.6000000000000002,3463,403,0.89
1,44,0.922961617919632,0.1,0.75,3.0,0.7692307692307692,1.0,0.5,0.5084745762711864,1.0,1.0,1.0,2.8,2.8,222,0.6000000000000002,3463,403,0.87
1,45,0.9263118361746197,0.1,0.75,3.0,0.6451612903225806,0.8,0.5,0.5,0.8,0.8,0.8,2.8,2.8,222,0.6000000000000002,3463,403,0.87
1,46,0.9395108839151742,0.1,0.75,3.0,0.5084745762711864,0.6,0.4,0.4,0.6,0.6,0.6,2.8,2.8,222,0.6000000000000002,3463,403,0.89
1,47,0.9393222475209482,0.1,0.6,2.0,0.4499999999999999,0.4499999999999999,0.35,0.27,0.6,0.6,0.6,1.6,1.6,222,0.6000000000000002,3463,403,0.92
1,48,0.916876676309774,0.05,0.6,2.0,0.2752293577981651,0.3,0.2,0.24,0.3,0.3,0.3,1.3,1.3,222,0.5,3463,403,0.92
1,49,0.9532861645610988,0.05,0.6,1.8,0.35,0.350093358228861,0.2000343630035978,0.2,0.2771179730799684,0.2771179730799684,0.35,1.3,1.3,222,0.6000000000000002,3463,403,0.96
1,50,0.9611295145751808,0.05,0.5,1.3,0.35,0.1572476654574787,0.1341003466739327,0.2,0.1572476652931238,0.1572476652931238,0.35,1.1,1.1,222,0.6000000000000002,3463,403,1.0
2,1,0.9513557487910006,0.1,0.6,1.3,0.2788844621513944,0.3043478260869565,0.4104166666666667,0.1853486319505737,0.229546682566004,0.229546682566004,0.229546682566004,1.3,1.3,222,0.6000000000000002,3463,403,1.0
2,2,0.956014290294357,0.1,0.6,1.3,0.2788844621513944,0.3043478260869565,0.4104166666666667,0.1853486319505737,0.229546682566004,0.229546682566004,0.229546682566004,1.3,1.3,222,0.6000000000000002,3463,403,1.01
2,3,0.9582860915891348,0.1,0.6,1.3,0.260707635009311,0.2828282828282828,0.4104166666666667,0.1745635910224439,0.2193736533983329,0.2193736533983329,0.2193736533983329,1.3,1.3,222,0.6000000000000002,3463,403,1.01
2,4,0.9450607166818752,0.1,0.6,1.3,0.260707635009311,0.2828282828282828,0.4104166666666667,0.1745635910224439,0.2193736533983329,0.2193736533983329,0.2193736533983329,1.3,1.3,222,0.6000000000000002,3463,403,1.0
2,5,0.95836268312706,0.1,0.6,1.3,0.2351623740201567,0.253012048192771,0.4104166666666667,0.1605504587155963,0.1955421055694582,0.1955421055694582,0.1955421055694582,1.3,1.3,222,0.6000000000000002,3463,403,1.01
2,6,0.95074959337987,0.1,0.6,1.3,0.3289192652712516,0.3649289099526066,0.4104166666666667,0.2296964725184578,0.2336091218799972,0.2336091218799972,0.2336091218799972,1.3,1.3,222,0.6000000000000002,3463,403,0.99
2,7,0.9432322988530022,0.1,0.6,1.3,0.3114571746384872,0.3435582822085889,0.4104166666666667,0.1853486319505737,0.229546682566004,0.229546682566004,0.229546682566004,1.3,1.3,222,0.6000000000000002,3463,403,0.99
2,8,0.9503496320413642,0.15,0.6,1.6,0.2924791086350975,0.3206106870229007,0.4104166666666667,0.2258064516129032,0.3408374863951423,0.3408374863951423,0.3408374863951423,1.6,1.6,222,0.6000000000000002,3463,403,0.98
2,9,0.9439264246364992,0.1,0.6,1.3,0.2788844621513944,0.3043478260869565,0.4104166666666667,0.2008608321377331,0.2402917828792105,0.2402917828792105,0.2402917828792105,1.3,1.3,222,0.6000000000000002,3463,403,0.98
2,10,0.9440844437138184,0.1,0.6,1.3,0.3265940902021773,0.3620689655172414,0.4104166666666667,0.2296964725184578,0.2336091218799972,0.2336091218799972,0.2336091218799972,1.3,1.3,222,0.6000000000000002,3463,403,0.98
2,11,0.9479262569610714,0.1,0.6,1.3,0.3114571746384872,0.3435582822085889,0.4104166666666667,0.1853486319505737,0.2336091218799972,0.2336091218799972,0.2336091218799972,1.3,1.3,222,0.6000000000000002,3463,403,0.99
2,12,0.9475020804429004,0.1,0.6,1.3,0.3114571746384872,0.3435582822085889,0.4104166666666667,0.1853486319505737,0.2336091218799972,0.2336091218799972,0.2336091218799972,1.3,1.3,222,0.6000000000000002,3463,403,1.0
2,13,0.9516616230952106,0.1,0.6,1.3,0.2788844621513944,0.3043478260869565,0.4104166666666667,0.1853486319505737,0.229546682566004,0.229546682566004,0.229546682566004,1.3,1.3,222,0.6000000000000002,3463,403,1.0
2,14,0.9563714367218064,0.1,0.6,1.3,0.2788844621513944,0.3043478260869565,0.4104166666666667,0.1853486319505737,0.229546682566004,0.229546682566004,0.229546682566004,1.3,1.3,222,0.6000000000000002,3463,403,1.0
2,15,0.9466677688706924,0.15,0.6,1.6,0.2924791086350975,0.3206106870229007,0.4104166666666667,0.2258064516129032,0.3514056224899598,0.3514056224899598,0.3514056224899598,1.6,1.6,222,0.6000000000000002,3463,403,0.95
2,16,0.947941146288768,0.15,0.6,1.6,0.2924791086350975,0.3206106870229007,0.4104166666666667,0.2114803625377644,0.3571097300806975,0.3571097300806975,0.3571097300806975,1.6,1.6,222,0.6000000000000002,3463,403,0.9700000000000001
2,17,0.9410134542576968,0.1,0.6,1.3,0.2788844621513944,0.3043478260869565,0.4104166666666667,0.2008608321377331,0.2477972851620964,0.2477972851620964,0.2477972851620964,1.3,1.3,222,0.6000000000000002,3463,403,0.96
2,18,0.9511478289923868,0.1,0.6,1.3,0.3289192652712516,0.3649289099526066,0.4104166666666667,0.2296964725184578,0.2336091218799972,0.2336091218799972,0.2336091218799972,1.3,1.3,222,0.6000000000000002,3463,403,0.9700000000000001
2,19,0.9499887992957836,0.1,0.6,1.3,0.3114571746384872,0.3435582822085889,0.4104166666666667,0.1853486319505737,0.2336091218799972,0.2336091218799972,0.2336091218799972,1.3,1.3,222,0.6000000000000002,3463,403,0.99
2,20,0.9482460867509104,0.1,0.6,1.3,0.2788844621513944,0.3043478260869565,0.4104166666666667,0.1853486319505737,0.2248544468982132,0.2248544468982132,0.2248544468982132,1.3,1.3,222,0.6000000000000002,3463,403,0.98
2,21,0.9532499518333996,0.1,0.6,1.3,0.260707635009311,0.2828282828282828,0.4104166666666667,0.1745635910224439,0.2128872837863524,0.2128872837863524,0.2128872837863524,1.3,1.3,222,0.6000000000000002,3463,403,0.99
2,22,0.9369950584574938,0.1,0.6,1.3,0.2351623740201567,0.253012048192771,0.4104166666666667,0.1605504587155963,0.1955421055694582,0.1955421055694582,0.1955421055694582,1.3,1.3,222,0.6000000000000002,3463,403,0.98
2,23,0.9393567415909604,0.1,0.6,1.3,0.2079894354572466,0.2218309859154929,0.4104166666666667,0.1518438177874186,0.1681429214832608,0.1681429214832608,0.1681429214832608,1.3,1.3,222,0.6000000000000002,3463,403,0.98
2,24,0.9526880582856369,0.05,0.6,1.3,0.1837270341207349,0.1944444444444444,0.4104166666666667,0.1316614420062695,0.1342764656516005,0.1342764656516005,0.1342764656516005,1.3,1.3,222,0.5,3463,403,1.0
2,25,0.9510986035126772,0.05,0.5,0.8,0.0,0.1802884615384615,0.0997150997150997,0.0,0.1403487666852128,0.0,0.0,0.7,0.0,222,0.5,3463,403,1.01
2,26,0.951293941566606,0.05,0.5,1.3,0.0,0.1139704249410005,0.0964644487169737,0.0,0.1139704249441662,0.0,0.0,1.1,0.0,222,0.5,3463,403,1.0
2,27,0.9472341459215275,0.15,0.6,1.6,0.4856459330143542,0.4856459330143542,0.4104166666666667,0.2258064516129032,0.3514056224899598,0.3514056224899598,0.3514056224899598,1.6,1.6,222,0.6000000000000002,3463,403,0.9000000000000001
2,28,0.9420045367159862,0.1,0.6,1.6,0.2924791086350975,0.3206106870229007,0.4104166666666667,0.2258064516129032,0.2477972851620964,0.2477972851620964,0.2477972851620964,1.6,1.6,222,0.6000000000000002,3463,403,0.89
2,29,0.9384526105146624,0.1,0.6,1.3,0.2788844621513944,0.3043478260869565,0.4104166666666667,0.2137404580152672,0.2477972851620964,0.2477972851620964,0.2477972851620964,1.3,1.3,222,0.6000000000000002,3463,403,0.9000000000000001
2,30,0.9384490650580736,0.1,0.6,1.3,0.2796566591511412,0.3052677029360967,0.4104166666666667,0.2137404580152672,0.3982772926626891,0.3982772926626891,0.3982772926626891,1.3,1.3,222,0.6000000000000002,3463,403,0.88
2,31,0.9333776035995446,0.1,0.6,1.3,0.3114571746384872,0.3435582822085889,0.4104166666666667,0.1962616822429906,0.2336091218799972,0.2128872837863524,0.2183094015983367,1.3,1.3,222,0.6000000000000002,3463,403,0.88
2,32,0.9316571944441046,0.1,0.6,1.3,0.2788844621513944,0.3043478260869565,0.1842105263157895,0.1853486319505737,0.2248544468982132,0.2248544468982132,0.2248544468982132,1.3,1.3,222,0.6000000000000002,3463,403,0.9000000000000001
2,33,0.9354523657062964,0.1,0.6,1.3,0.2788844621513944,0.3043478260869565,0.4104166666666667,0.1842105263157895,0.1955421055694582,0.1955421055694582,0.1955421055694582,1.3,1.3,222,0.6000000000000002,3463,403,0.91
2,34,0.9545535506784896,0.1,0.6,1.3,0.260707635009311,0.2828282828282828,0.4104166666666667,0.1842105263157895,0.2128872837863524,0.2128872837863524,0.2128872837863524,1.3,1.3,222,0.6000000000000002,3463,403,0.95
2,35,0.9303270875075604,0.1,0.6,1.3,0.2351623740201567,0.253012048192771,0.4104166666666667,0.1686746987951807,0.1835764628749385,0.1835764628749385,0.1835764628749385,1.3,1.3,222,0.6000000000000002,3463,403,0.89
2,36,0.9113589576349168,0.1,0.6,1.3,0.2079894354572466,0.2218309859154929,0.4104166666666667,0.147887323943662,0.147478383004872,0.147478383004872,0.147478383004872,1.3,1.3,222,0.6000000000000002,3463,403,0.89
2,37,0.9292814363981337,0.05,0.6,1.3,0.1689460981496379,0.1779661016949152,0.4104166666666667,0.1316614420062695,0.147478383004872,0.147478383004872,0.147478383004872,1.3,1.3,222,0.5,3463,403,0.92
2,38,0.9214864650745264,0.05,0.6,1.8,0.35,0.2402745995423341,0.1598501239222266,0.2,0.2000278610234997,0.28,0.35,1.3,1.3,222,0.5,3463,403,0.92
2,39,0.933879795734842,0.05,0.5,1.3,0.35,0.1536344398703352,0.1309363620434119,0.2,0.1536344402010658,0.28,0.35,1.1,1.3,222,0.5,3463,403,0.95
2,40,0.9397494071293052,0.15,0.6,1.6,0.2924791086350975,0.3206106870229007,0.4104166666666667,0.2114803625377644,0.3408374863951423,0.3408374863951423,0.3408374863951423,1.6,1.6,222,0.6000000000000002,3463,403,0.89
2,41,0.9370084982137948,0.1,0.6,1.3,0.2788844621513944,0.3043478260869565,0.4104166666666667,0.2008608321377331,0.2477972851620964,0.2477972851620964,0.2477972851620964,1.3,1.3,222,0.6000000000000002,3463,403,0.95
2,42,0.9080700650451592,0.1,0.6,1.3,0.3265940902021773,0.3620689655172414,0.4104166666666667,0.2008608321377331,0.2336091218799972,0.2336091218799972,0.2336091218799972,1.3,1.3,222,0.6000000000000002,3463,403,0.9000000000000001
2,43,0.9589327946579704,0.1,0.6,1.3,0.3114571746384872,0.3435582822085889,0.4104166666666667,0.1853486319505737,0.2336091218799972,0.2336091218799972,0.2336091218799972,1.3,1.3,222,0.6000000000000002,3463,403,1.0
2,44,0.9350765449600388,0.1,0.6,1.3,0.2788844621513944,0.3043478260869565,0.4104166666666667,0.1853486319505737,0.2248544468982132,0.2248544468982132,0.2248544468982132,1.3,1.3,222,0.6000000000000002,3463,403,0.94
2,45,0.9352136613291576,0.1,0.6,1.3,0.260707635009311,0.2828282828282828,0.4104166666666667,0.1842105263157895,0.2128872837863524,0.2128872837863524,0.2128872837863524,1.3,1.3,222,0.6000000000000002,3463,403,0.9000000000000001
2,46,0.9520554836943508,0.1,0.6,1.3,0.2351623740201567,0.253012048192771,0.4104166666666667,0.1686746987951807,0.1955421055694582,0.1955421055694582,0.1955421055694582,1.3,1.3,222,0.6000000000000002,3463,403,0.96
2,47,0.9424838161161332,0.1,0.6,1.3,0.2218309859154929,0.2218309859154929,0.4104166666666667,0.1402077151335311,0.1955421055694582,0.1955421055694582,0.1955421055694582,1.3,1.3,222,0.6000000000000002,3463,403,0.96
2,48,0.9174421624680896,0.05,0.6,1.3,0.1689460981496379,0.1779661016949152,0.4104166666666667,0.1316614420062695,0.147478383004872,0.147478383004872,0.147478383004872,1.3,1.3,222,0.5,3463,403,0.93
2,49,0.9545902035195044,0.05,0.6,1.8,0.35,0.2499305748403222,0.1598501239222266,0.2,0.2000278610234997,0.2000278610234997,0.35,1.3,1.3,222,0.5,3463,403,0.98
2,50,0.9610143848915588,0.05,0.5,1.3,0.35,0.1543998137364565,0.1316062416248617,0.2,0.1543998137161174,0.1543998137161174,0.35,1.1,1.1,222,0.5,3463,403,1.0
3,1,0.9559139724552396,0.05,0.5,0.8,0.2114803625377644,0.2258064516129032,0.1393604643914414,0.0948938093086308,0.1284524194305137,0.1284524194305137,0.1284524194305137,0.8,0.8,222,0.5,3463,403,1.02
3,2,0.9601661244006232,0.05,0.5,0.8,0.2114803625377644,0.2258064516129032,0.1393604643914414,0.0948938093086308,0.1284524194305137,0.1284524194305137,0.1284524194305137,0.8,0.8,222,0.5,3463,403,1.02
3,3,0.9623772414533536,0.05,0.5,0.8,0.2008608321377331,0.2137404580152672,0.1393604643914414,0.0919842312746386,0.1252033934094325,0.1252033934094325,0.1252033934094325,0.8,0.8,222,0.5,3463,403,1.02
3,4,0.9495944669215796,0.05,0.5,0.8,0.2008608321377331,0.2137404580152672,0.1393604643914414,0.0919842312746386,0.1252033934094325,0.1252033934094325,0.1252033934094325,0.8,0.8,222,0.5,3463,403,1.02
3,5,0.9623081932233708,0.05,0.5,0.8,0.1853486319505737,0.1962616822429906,0.1393604643914414,0.0879396984924623,0.1170609343971013,0.1170609343971013,0.1170609343971013,0.8,0.8,222,0.5,3463,403,1.02
3,6,0.9565129359380428,0.05,0.5,0.8,0.2390561937286557,0.2575250836120402,0.1393604643914414,0.1053027453930048,0.1297147048604409,0.1297147048604409,0.1297147048604409,0.8,0.8,222,0.5,3463,403,1.02
3,7,0.9492988713363554,0.05,0.5,0.8,0.2296964725184578,0.2466960352422907,0.1393604643914414,0.0948938093086308,0.1284524194305137,0.1284524194305137,0.1284524194305137,0.8,0.8,222,0.5,3463,403,1.01
3,8,0.9561179953886338,0.05,0.5,0.8,0.2192066805845511,0.2346368715083799,0.1393604643914414,0.1044776119402985,0.133974119915281,0.133974119915281,0.133974119915281,0.8,0.8,222,0.5,3463,403,1.02
3,9,0.9505742166113276,0.05,0.5,0.8,0.2114803625377644,0.2258064516129032,0.1393604643914414,0.0988002822865208,0.1317492059757675,0.1317492059757675,0.1317492059757675,0.8,0.8,222,0.5,3463,403,1.01
3,10,0.9505892036531556,0.05,0.5,0.8,0.2378255945639864,0.2560975609756098,0.1393604643914414,0.1053027453930048,0.1297147048604409,0.1297147048604409,0.1297147048604409,0.8,0.8,222,0.5,3463,403,1.01
3,11,0.9536313049870022,0.05,0.5,0.8,0.2296964725184578,0.2466960352422907,0.1393604643914414,0.0948938093086308,0.1297147048604409,0.1297147048604409,0.1297147048604409,0.8,0.8,222,0.5,3463,403,1.02
3,12,0.9519735075630448,0.05,0.5,0.8,0.2296964725184578,0.2466960352422907,0.1393604643914414,0.0948938093086308,0.1297147048604409,0.1297147048604409,0.1297147048604409,0.8,0.8,222,0.5,3463,403,1.02
3,13,0.9567009779449868,0.05,0.5,0.8,0.2114803625377644,0.2258064516129032,0.1393604643914414,0.0948938093086308,0.1284524194305137,0.1284524194305137,0.1284524194305137,0.8,0.8,222,0.5,3463,403,1.02
3,14,0.9606679205466336,0.05,0.5,0.8,0.2114803625377644,0.2258064516129032,0.1393604643914414,0.0948938093086308,0.1284524194305137,0.1284524194305137,0.1284524194305137,0.8,0.8,222,0.5,3463,403,1.02
3,15,0.955733191818591,0.05,0.5,0.8,0.2192066805845511,0.2346368715083799,0.1393604643914414,0.1044776119402985,0.1355768066819997,0.1355768066819997,0.1355768066819997,0.8,0.8,222,0.5,3463,403,1.0
3,16,0.9552001007685316,0.05,0.5,0.8,0.2192066805845511,0.2346368715083799,0.1393604643914414,0.1013024602026049,0.1364174906711253,0.1364174906711253,0.1364174906711253,0.8,0.8,222,0.5,3463,403,1.01
3,17,0.9491323256448476,0.05,0.5,0.8,0.2114803625377644,0.2258064516129032,0.1393604643914414,0.0988002822865208,0.133974119915281,0.133974119915281,0.133974119915281,0.8,0.8,222,0.5,3463,403,1.0
3,18,0.9583561671913938,0.05,0.5,0.8,0.2390561937286557,0.2575250836120402,0.1393604643914414,0.1053027453930048,0.1297147048604409,0.1297147048604409,0.1297147048604409,0.8,0.8,222,0.5,3463,403,1.01
3,19,0.9558569211310785,0.05,0.5,0.8,0.2296964725184578,0.2466960352422907,0.1393604643914414,0.0948938093086308,0.1297147048604409,0.1297147048604409,0.1297147048604409,0.8,0.8,222,0.5,3463,403,1.01
3,20,0.9550646536686862,0.05,0.5,0.8,0.2114803625377644,0.2258064516129032,0.1393604643914414,0.0948938093086308,0.1269697313229792,0.1269697313229792,0.1269697313229792,0.8,0.8,222,0.5,3463,403,1.01
3,21,0.9591120816612524,0.05,0.5,0.8,0.2008608321377331,0.2137404580152672,0.1393604643914414,0.0919842312746386,0.1230633996264146,0.1230633996264146,0.1230633996264146,0.8,0.8,222,0.5,3463,403,1.01
3,22,0.9442702901188288,0.05,0.5,0.8,0.1853486319505737,0.1962616822429906,0.1393604643914414,0.0879396984924623,0.1170609343971013,0.1170609343971013,0.1170609343971013,0.8,0.8,222,0.5,3463,403,1.01
3,23,0.9463091443823324,0.05,0.5,0.8,0.166270783847981,0.175,0.1393604643914414,0.1127214170692431,0.1421031262687779,0.1421031262687779,0.1421031262687779,0.8,0.8,222,0.5,3463,403,1.01
3,24,0.9585130693041324,0.05,0.5,0.8,0.166270783847981,0.175,0.1393604643914414,0.1166666666666666,0.1421031262687779,0.1421031262687779,0.1421031262687779,0.8,0.8,222,0.5,3463,403,1.01
3,25,0.9492210484527672,0.02,0.5,0.8,0.0,0.1201923076923077,0.0799999999999999,0.0,0.1200871489595306,0.0,0.0,0.7,0.0,222,0.45,3463,403,1.02
3,26,0.9492189982311628,0.02,0.5,0.8,0.0,0.1199999999942307,0.0799999999999999,0.0,0.1199999999975639,0.0,0.0,0.7,0.0,222,0.45,3463,403,1.02
3,27,0.9609017021443016,0.05,0.5,0.8,0.2650130548302872,0.2650130548302872,0.1393604643914414,0.1044776119402985,0.1355768066819997,0.1355768066819997,0.1355768066819997,0.8,0.8,222,0.5,3463,403,1.01
3,28,0.9543259884395968,0.05,0.5,0.8,0.2192066805845511,0.2346368715083799,0.1393604643914414,0.1044776119402985,0.133974119915281,0.133974119915281,0.133974119915281,0.8,0.8,222,0.5,3463,403,0.98
3,29,0.9520798814730592,0.05,0.5,0.8,0.2114803625377644,0.2258064516129032,0.1393604643914414,0.1018181818181818,0.133974119915281,0.133974119915281,0.133974119915281,0.8,0.8,222,0.5,3463,403,1.0
3,30,0.950137293612054,0.05,0.5,0.8,0.2119241029945145,0.2263124199743918,0.1393604643914414,0.1018181818181818,0.1317492059757675,0.1317492059757675,0.1317492059757675,0.8,0.8,222,0.5,3463,403,0.96
3,31,0.942685951042032,0.05,0.5,0.8,0.2296964725184578,0.2466960352422907,0.1393604643914414,0.0976744186046511,0.1297147048604409,0.1230633996264146,0.1248560068373527,0.8,0.8,222,0.5,3463,403,0.93
3,32,0.944068110430872,0.05,0.5,0.8,0.2114803625377644,0.2258064516129032,0.0945945945945946,0.0948938093086308,0.1269697313229792,0.1269697313229792,0.1269697313229792,0.8,0.8,222,0.5,3463,403,0.9700000000000001
3,33,0.9489088999198484,0.05,0.5,0.8,0.2114803625377644,0.2258064516129032,0.1393604643914414,0.0945945945945946,0.1170609343971013,0.1170609343971013,0.1170609343971013,0.8,0.8,222,0.5,3463,403,1.0
3,34,0.9640586200332368,0.05,0.5,0.8,0.2008608321377331,0.2137404580152672,0.1393604643914414,0.0945945945945946,0.1230633996264146,0.1230633996264146,0.1230633996264146,0.8,0.8,222,0.5,3463,403,1.02
3,35,0.942894374195943,0.05,0.5,0.8,0.1853486319505737,0.1962616822429906,0.1393604643914414,0.0903225806451613,0.1126647218589679,0.1126647218589679,0.1126647218589679,0.8,0.8,222,0.5,3463,403,0.9700000000000001
3,36,0.923463398257035,0.05,0.5,0.8,0.166270783847981,0.175,0.1393604643914414,0.1166666666666666,0.1421031262687779,0.1421031262687779,0.1421031262687779,0.8,0.8,222,0.5,3463,403,0.96
3,37,0.941736283870898,0.05,0.5,0.8,0.166270783847981,0.175,0.1393604643914414,0.1166666666666666,0.1421031262687779,0.1421031262687779,0.1421031262687779,0.8,0.8,222,0.5,3463,403,0.98
3,38,0.9344299585645548,0.02,0.5,0.8,0.35,0.1201923076923077,0.100418667592168,0.2,0.1196657905421288,0.28,0.35,0.7,1.3,222,0.45,3463,403,1.01
3,39,0.9344302033956048,0.02,0.5,0.8,0.35,0.120000000192,0.0999999999002778,0.2,0.1199999998047428,0.28,0.35,0.7,1.3,222,0.45,3463,403,1.01
3,40,0.9532162298239718,0.05,0.5,0.8,0.2192066805845511,0.2346368715083799,0.1393604643914414,0.1013024602026049,0.133974119915281,0.133974119915281,0.133974119915281,0.8,0.8,222,0.5,3463,403,1.0
3,41,0.9474321356399168,0.05,0.5,0.8,0.2114803625377644,0.2258064516129032,0.1393604643914414,0.0988002822865208,0.133974119915281,0.133974119915281,0.133974119915281,0.8,0.8,222,0.5,3463,403,1.02
3,42,0.9225015720945772,0.05,0.5,0.8,0.2378255945639864,0.2560975609756098,0.1393604643914414,0.0988002822865208,0.1297147048604409,0.1297147048604409,0.1297147048604409,0.8,0.8,222,0.5,3463,403,0.98
3,43,0.9654212459064876,0.05,0.5,0.8,0.2296964725184578,0.2466960352422907,0.1393604643914414,0.0948938093086308,0.1297147048604409,0.1297147048604409,0.1297147048604409,0.8,0.8,222,0.5,3463,403,1.04
3,44,0.9463453586479492,0.05,0.5,0.8,0.2114803625377644,0.2258064516129032,0.1393604643914414,0.0948938093086308,0.1269697313229792,0.1269697313229792,0.1269697313229792,0.8,0.8,222,0.5,3463,403,1.01
3,45,0.94879740210198,0.05,0.5,0.8,0.2008608321377331,0.2137404580152672,0.1393604643914414,0.0945945945945946,0.1230633996264146,0.1230633996264146,0.1230633996264146,0.8,0.8,222,0.5,3463,403,0.99
3,46,0.9613144129188752,0.05,0.5,0.8,0.1853486319505737,0.1962616822429906,0.1393604643914414,0.0903225806451613,0.114892220155378,0.114892220155378,0.114892220155378,0.8,0.8,222,0.5,3463,403,1.03
3,47,0.95206998137346,0.05,0.5,0.8,0.175,0.175,0.1393604643914414,0.1166666666666666,0.1421031262687779,0.1421031262687779,0.1421031262687779,0.8,0.8,222,0.5,3463,403,1.03
3,48,0.9315436889341006,0.05,0.5,0.8,0.166270783847981,0.175,0.1393604643914414,0.1166666666666666,0.1454356577067913,0.1454356577067913,0.1454356577067913,0.8,0.8,222,0.5,3463,403,0.99
3,49,0.9619607447580808,0.02,0.5,0.8,0.35,0.1201923076923077,0.100418667592168,0.2,0.1196657905421288,0.1196657905421288,0.35,0.7,1.0,222,0.45,3463,403,1.04
3,50,0.9619606837188664,0.02,0.5,0.8,0.35,0.120000000192,0.0999999999002778,0.2,0.1199999998047428,0.1199999998047428,0.35,0.7,1.0,222,0.45,3463,403,1.04
